ID;Organisation;Sector;Subsector;Service;Province_CODE;Municipality_CODE;Barangay;Status;Beneficiaries;Beneficiary_type
1;PRC;Relief;Food Items;Food Items (Standard);155;15501;;Finished;134;families
2;PRC;Relief;Ready-to-Eat;Hot Meals;133;13301;San Isidro;Finished;71;individuals
3;PRC;Assessment;Assessment;RDANA;133;13301;;Finished;1;area
4;IFRC;Relief;Cash;Multi-Purpose Cash Grant (PHP3,500);215;21503;CapanickianNS;Finished;24;families
5;IFRC;Relief;Cash;Multi-Purpose Cash Grant (PHP3,500);215;21503;Dagupan;Finished;67;families
6;IFRC;Relief;Cash;Multi-Purpose Cash Grant (PHP3,500);215;21503;Silagan;Finished;32;families
7;IFRC;Relief;Cash;Multi-Purpose Cash Grant (PHP3,500);215;21503;Capagaran;Finished;11;families
8;IFRC;Relief;Cash;Multi-Purpose Cash Grant (PHP3,500);215;21503;Iringa;Finished;26;families
9;IFRC;Relief;Cash;Multi-Purpose Cash Grant (PHP3,500);215;21503;Binubungan;Finished;13;families
10;IFRC;Relief;Cash;Multi-Purpose Cash Grant (PHP3,500);215;21503;Cataratan;Finished;44;families
11;IFRC;Relief;Cash;Multi-Purpose Cash Grant (PHP3,500);215;21503;Labben;Finished;23;families
12;IFRC;Relief;Cash;Multi-Purpose Cash Grant (PHP3,500);215;21503;Dalayap;Finished;21;families
13;PRC;Assessment;Assessment;RDANA;215;21502;;Finished;1;area
14;PRC;Health;Health;First Aid Station;215;21502;Malalatan;Finished;1;area
15;PRC;Relief;Food Items;Food Items (Standard);215;21502;Malalatan;Finished;313;families
16;ICRC;Shelter;Shelter Tool Kits;Tarpaulins;215;21502;Centro;Finished;25;Families
17;ICRC;Shelter;Shelter Tool Kits;Shelter Tool Kits;215;21502;Centro;Finished;25;Families
18;ICRC;Shelter;Shelter Tool Kits;Tarpaulins;215;21502;Daloig;Finished;569;Families
19;ICRC;Shelter;Shelter Tool Kits;Shelter Tool Kits;215;21502;Daloig;Finished;569;Families
20;PRC;Health;PSS;Welfare Desk;215;21502;Daloig;Finished;;
21;IFRC;WASH;Hygiene Promotion;Hygiene Promotion;215;21502;Daloig;Finished;569;individuals
22;PRC;Health;Health;First Aid Station;215;21502;Daloig;Finished;1;area
23;ICRC;Shelter;Shelter Tool Kits;Tarpaulins;215;21502;Calantac;Finished;579;Families
24;ICRC;Shelter;Shelter Tool Kits;Shelter Tool Kits;215;21502;Calantac;Finished;579;Families
25;PRC;Health;PSS;Welfare Desk;215;21502;Calantac;Finished;;
26;IFRC;WASH;Hygiene Promotion;Hygiene Promotion;215;21502;Calantac;Finished;579;individuals
27;PRC;Health;Health;First Aid Station;215;21502;Calantac;Finished;1;area
28;IFRC;Livelihood;Cash;Conditional Cash Grant (PHP10,000.00);215;21502;Afusing Daga;Finished;43;households
29;Spanish Red Cross;Relief;Cash;Multi-Purpose Cash Grant (PHP3,500);1427;142707;Calupaan;Finished;14;families
30;Spanish Red Cross;Relief;Cash;Multi-Purpose Cash Grant (PHP3,500);1427;142707;Namnama;Finished;18;families
31;Spanish Red Cross;Relief;Cash;Multi-Purpose Cash Grant (PHP3,500);1427;142707;San Juan;Finished;41;families
32;Spanish Red Cross;Relief;Cash;Multi-Purpose Cash Grant (PHP3,500);1427;142707;Sto. Domingo;Finished;1;families
33;Spanish Red Cross;Relief;Cash;Multi-Purpose Cash Grant (PHP3,500);1427;142707;Caragasan;Finished;13;families
34;Spanish Red Cross;Relief;Cash;Multi-Purpose Cash Grant (PHP3,500);1427;142707;Killing;Finished;12;families
35;Spanish Red Cross;Relief;Cash;Multi-Purpose Cash Grant (PHP3,500);1427;142707;Pinto;Finished;15;families
36;Spanish Red Cross;Relief;Cash;Multi-Purpose Cash Grant (PHP3,500);1427;142707;Sta Maria;Finished;2;families
37;ICRC;Shelter;Shelter Tool Kits;Tarpaulins;215;21503;Silagan;Finished;161;Families
38;ICRC;Shelter;Shelter Tool Kits;Shelter Tool Kits;215;21503;Silagan;Finished;161;Families
39;ICRC;Shelter;Shelter Tool Kits;Tarpaulins;215;21503;Tamboli;Finished;107;Families
40;ICRC;Shelter;Shelter Tool Kits;Shelter Tool Kits;215;21503;Tamboli;Finished;107;Families
41;PRC;Health;Health;First Aid Station;215;21503;Silagan;Finished;1;area
42;PRC;WASH;Sanitation;Clearing operations;215;21504;Anaffatan;Finished;1;community
43;PRC;WASH;Sanitation;Clearing operations;215;21504;Amulung West;Finished;1;community
44;PRC;WASH;Sanitation;Clearing operations;215;21504;Nagalasuan;Finished;1;community
45;PRC;WASH;Sanitation;Clearing operations;215;21504;Nagalasuan;Finished;1;community
46;PRC;WASH;Sanitation;Clearing operations;215;21504;Cordova;Finished;1;community
47;Qatar Red Crescent Society;Shelter;Shelter Repair Assistance;Shelter Tool Kits;215;21504;Centro;Finished;69;families
48;IFRC;Shelter;Shelter Repair Assistance;CGI;215;21504;Centro;Finished;69;families
49;PRC;Relief;Ready-to-Eat;Biscuits;215;21504;centro;Finished;105;individuals
50;PRC;Health;PSS;PSP;215;21504;centro;Finished;42;individuals
51;PRC;WASH;Hygiene Promotion;Hygiene Promotion;215;21504;Centro;Finished;42;individuals
52;Spanish Red Cross - AECID;WASH;Water;Water;215;21504;Cordova;Finished;5000;liters
53;PRC;WASH;Hygiene Promotion;Hygiene Promotion;215;21504;Centro;Finished;303;individuals
54;PRC;Health;Health;First Aid Station;215;21504;Centro;Finished;1;area
55;Qatar Red Crescent Society;Shelter;Shelter Repair Assistance;Shelter Tool Kits;215;21504;Centro;Finished;83;families
56;IFRC;Shelter;Shelter Repair Assistance;CGI;215;21504;Centro;Finished;83;families
57;ICRC;Shelter;Shelter Tool Kits;Tarpaulins;215;21504;Alituntung;Finished;116;Families
58;ICRC;Shelter;Shelter Tool Kits;Shelter Tool Kits;215;21504;Alituntung;Finished;116;Families
59;PRC;Health;PSS;Welfare Desk;215;21504;Alituntung;Finished;;
60;PRC;Relief;Ready-to-Eat;Biscuits;215;21504;Alituntung;Finished;45;Individuals
61;PRC;Health;PSS;PSP;215;21504;Alituntung;Finished;34;Individuals
62;ICRC;Shelter;Shelter Tool Kits;Tarpaulins;215;21504;Pacac Grande;Finished;230;Families
63;ICRC;Shelter;Shelter Tool Kits;Shelter Tool Kits;215;21504;Pacac Grande;Finished;230;Families
64;PRC;Health;PSS;Welfare Desk;215;21504;Pacac Grande;Finished;;
65;PRC;WASH;Hygiene Promotion;Hygiene Promotion;215;21504;Pacac Grande;Finished;52;Individuals
66;ICRC;Shelter;Shelter Tool Kits;Tarpaulins;215;21504;Pacac Pequeno;Finished;221;Families
67;ICRC;Shelter;Shelter Tool Kits;Shelter Tool Kits;215;21504;Pacac Pequeno;Finished;221;Families
68;PRC;Health;PSS;Welfare Desk;215;21504;Pacac Pequeno;Finished;;
69;PRC;Health;PSS;PSP;215;21504;Pacac Pequeno;Finished;23;Individuals
70;PRC;WASH;Hygiene Promotion;Hygiene Promotion;215;21504;Pacac Pequeno;Finished;149;Individuals
71;ICRC;Shelter;Shelter Tool Kits;Tarpaulins;215;21504;Centro;Finished;25;Families
72;ICRC;Shelter;Shelter Tool Kits;Shelter Tool Kits;215;21504;Centro;Finished;25;Families
73;IFRC;WASH;Hygiene Promotion;Hygiene Promotion;215;21504;Centro;Finished;42;individuals
74;IFRC;WASH;Hygiene Promotion;Hygiene Promotion;215;21504;Pacac Grande;Finished;52;individuals
75;IFRC;WASH;Hygiene Promotion;Hygiene Promotion;215;21504;Pacac Pequeno;Finished;149;individuals
76;IFRC;Relief;Cash;Multi-Purpose Cash Grant (PHP3,500);215;21505;Centro;Finished;73;families
77;IFRC;Relief;Cash;Multi-Purpose Cash Grant (PHP3,500);215;21505;Dodan;Finished;24;families
78;IFRC;Relief;Cash;Multi-Purpose Cash Grant (PHP3,500);215;21505;Macanaya;Finished;45;families
79;IFRC;Relief;Cash;Multi-Purpose Cash Grant (PHP3,500);215;21505;Minanga;Finished;18;families
80;IFRC;Relief;Cash;Multi-Purpose Cash Grant (PHP3,500);215;21505;Paddaya;Finished;75;families
81;IFRC;Relief;Cash;Multi-Purpose Cash Grant (PHP3,500);215;21505;San Antonio;Finished;84;families
82;PRC;Assessment;Assessment;RDANA;133;13302;;Finished;1;area
83;PRC Benguet Chapter BOD;Relief;Non-Food Items;Burner Stove with LPG tank;1411;141101;Poblacion;Finished;6;families
84;PRC Benguet Chapter BOD;Relief;Non-Food Items;Kitchen Set (Assorted);1411;141101;Poblacion;Finished;15;families
85;PRC;Relief;Food Items;Food Items (Standard);1411;141101;Naguey;Finished;125;families
86;PRC;Assessment;Assessment;RDANA;133;13303;;Finished;1;area
87;PRC;Assessment;Assessment;RDANA;128;12803;;Finished;1;area
88;PRC;Assessment;Assessment;RDANA;215;21506;;Finished;1;area
89;PRC;Health;Referral;Welfare Referral;215;21506;Sta. Margarita;Finished;30;individuals
90;IFRC;Relief;Non-Food Items;Sleeping Kit (Blankets);215;21506;Santa Margarita;Finished;100;families
91;IFRC;Relief;Non-Food Items;Sleeping Kit (Plastic Mats);215;21506;Santa Margarita;Finished;100;families
92;IFRC;Relief;Non-Food Items;Sleeping Kit (Mosquito Nets);215;21506;Santa Margarita;Finished;100;families
93;IFRC;WASH;Non-Food Items;Hygiene Kit;215;21506;Santa Margarita;Finished;100;families
94;IFRC;WASH;Non-Food Items;Jerry Cans;215;21506;Santa Margarita;Finished;100;families
95;IFRC;Relief;Non-Food Items;Tarpaulins;215;21506;Santa Margarita;Finished;100;families
96;PRC;Health;PSS;PSP;215;21506;Santa Margarita;Finished;491;individuals
97;Spanish Red Cross - AECID;WASH;Water;Water;215;21506;Sta. Margarita;Finished;5000;liters
98;IFRC;Relief;Non-Food Items;Sleeping Kit (Blankets);215;21506;Santa Margarita;Finished;307;families
99;IFRC;Relief;Non-Food Items;Sleeping Kit (Plastic Mats);215;21506;Santa Margarita;Finished;307;families
100;IFRC;Relief;Non-Food Items;Sleeping Kit (Mosquito Nets);215;21506;Santa Margarita;Finished;307;families
101;IFRC;WASH;Non-Food Items;Hygiene Kit;215;21506;Santa Margarita;Finished;307;families
102;IFRC;WASH;Non-Food Items;Jerry Cans;215;21506;Santa Margarita;Finished;307;families
103;IFRC;Relief;Non-Food Items;Tarpaulins;215;21506;Santa Margarita;Finished;307;families
104;IFRC;Relief;Non-Food Items;Sleeping Kit (Blankets);215;21506;Awallan;Finished;362;families
105;IFRC;Relief;Non-Food Items;Sleeping Kit (Plastic Mats);215;21506;Awallan;Finished;362;families
106;IFRC;Relief;Non-Food Items;Sleeping Kit (Mosquito Nets);215;21506;Awallan;Finished;362;families
107;IFRC;WASH;Non-Food Items;Hygiene Kit;215;21506;Awallan;Finished;362;families
108;IFRC;WASH;Non-Food Items;Jerry Cans;215;21506;Awallan;Finished;362;families
109;IFRC;Relief;Non-Food Items;Tarpaulins;215;21506;Awallan;Finished;362;families
110;PRC;Health;PSS;PSP;215;21506;Awallan;Finished;362;individuals
111;PRC;Health;PSS;PSP;215;21506;Santa Margarita;Finished;398;individuals
112;PRC;Health;RFL;RFL (I am Alive);215;21506;Sta. Margarita;Finished;50;individuals
113;Spanish Red Cross - AECID;WASH;Water;Water Bladder 5,000;215;21506;;Finished;1;units
114;Spanish Red Cross - AECID;WASH;Water;Water;215;21506;San Jose;Finished;5000;liters
115;PRC;Health;PSS;Welfare Desk;215;21506;Bitag Grande;Finished;;
116;PRC;Relief;Ready-to-Eat;Hot Meals;215;21506;Bitag Grande;Finished;678;individuals
117;PRC;Health;PSS;PSP;215;21506;Bitag Grande;Finished;1376;individuals
118;Spanish Red Cross - AECID;WASH;Water;Water;215;21506;San Jose;Finished;5000;liters
119;PRC;Health;Health;First Aid;215;21506;Bitag Grande;Finished;1;individuals
120;Qatar Red Crescent Society;Shelter;Shelter Repair Assistance;Shelter Tool Kits;215;21506;Bitag Grande;Finished;33;families
121;IFRC;Shelter;Shelter Repair Assistance;CGI;215;21506;Bitag Grande;Finished;33;families
122;Qatar Red Crescent Society;Shelter;Shelter Repair Assistance;Shelter Tool Kits;215;21506;Mocag;Finished;162;families
123;Qatar Red Crescent Society;Shelter;Shelter Repair Assistance;Shelter Tool Kits;215;21506;Bitag Grande;Finished;220;families
124;IFRC;Shelter;Shelter Repair Assistance;CGI;215;21506;Mocag;Finished;162;families
125;IFRC;Shelter;Shelter Repair Assistance;CGI;215;21506;Bitag Grande;Finished;220;families
126;Qatar Red Crescent Society;Relief;Non-Food Items;Sleeping Kit (Blankets);215;21506;Adaog;Finished;260;families
127;Qatar Red Crescent Society;Relief;Non-Food Items;Sleeping Kit (Plastic Mats);215;21506;Adaog;Finished;260;families
128;Qatar Red Crescent Society;Relief;Non-Food Items;Sleeping Kit (Mosquito Nets);215;21506;Adaog;Finished;260;families
129;Qatar Red Crescent Society;WASH;Non-Food Items;Hygiene Kit;215;21506;Adaog;Finished;260;families
130;Qatar Red Crescent Society;WASH;Non-Food Items;Jerry Cans;215;21506;Adaog;Finished;260;families
131;Qatar Red Crescent Society;Relief;Non-Food Items;Tarpaulins;215;21506;Adaog;Finished;260;families
132;PRC;Health;PSS;Welfare Desk;215;21506;Adaog;Finished;1;Evacuation Center
133;PRC;WASH;Hygiene Promotion;Hygiene Promotion;215;21506;Adaog;Finished;210;individuals
134;PRC;Health;Health;First Aid Station;215;21506;Adaog;Finished;1;area
135;Spanish Red Cross - AECID;WASH;Water;Water;215;21506;Asassi;Finished;625;individuals
136;Spanish Red Cross - AECID;WASH;Water;Water;215;21506;Temblique;Finished;395;individuals
137;PRC;Health;Health;First Aid Station;215;21506;Bitag Grande;Finished;1;area
138;Spanish Red Cross - AECID;WASH;Water;Water;215;21506;San Jose;Finished;5000;liters
139;Spanish Red Cross - AECID;WASH;Water;Water;215;21506;Bitag Grande;Finished;5475;liters
140;Spanish Red Cross - AECID;WASH;Water;Water;215;21506;Asassi;Finished;24;families
141;Spanish Red Cross - AECID;WASH;Water;Water;215;21506;Asassi;Finished;45;families
142;Spanish Red Cross - AECID;WASH;Water;Water;215;21506;Asassi;Finished;31;families
143;Spanish Red Cross - AECID;WASH;Water;Water;215;21506;Bitag Grande;Finished;43;families
144;Spanish Red Cross - AECID;WASH;Water;Water;215;21506;Brgy Temblique;Finished;1400;liters
145;Spanish Red Cross - AECID;WASH;Water;Water;215;21506;Brgy Temblique;Finished;2475;liters
146;Spanish Red Cross - AECID;WASH;Water;Water;215;21506;Brgy Assasi;Finished;625;liters
147;Spanish Red Cross - AECID;WASH;Water;Water;215;21506;Brgy Assasi;Finished;3200;liters
148;Spanish Red Cross - AECID;WASH;Water;Water;215;21506;San Jose;Finished;3300;liters
149;Spanish Red Cross - AECID;WASH;Water;Water;215;21506;Assasi;Finished;150;liters
150;Spanish Red Cross - AECID;WASH;Water;Water;215;21506;Assasi;Finished;600;liters
151;Spanish Red Cross - AECID;WASH;Water;Water;215;21506;Assasi;Finished;150;liters
152;Spanish Red Cross - AECID;WASH;Water;Water;215;21506;Assasi;Finished;75;liters
153;Spanish Red Cross - AECID;WASH;Water;Water;215;21506;Assasi;Finished;2025;liters
154;Spanish Red Cross - AECID;WASH;Water;Water;215;21506;Assasi;Finished;4125;liters
155;Spanish Red Cross - AECID;WASH;Water;Water;215;21506;Temblique;Finished;150;liters
156;Spanish Red Cross - AECID;WASH;Water;Water;215;21506;Temblique;Finished;575;liters
157;Spanish Red Cross - AECID;WASH;Water;Water;215;21506;Temblique;Finished;350;liters
158;Spanish Red Cross - AECID;WASH;Water;Water;215;21506;Bitag Grande;Finished;2625;liters
159;Spanish Red Cross - AECID;WASH;Water;Water;215;21506;Bitag Grande;Finished;1325;liters
160;Spanish Red Cross - AECID;WASH;Water;Water;215;21506;Bitag Grande;Finished;1975;liters
161;Spanish Red Cross - AECID;WASH;Water;Water;215;21506;Bitag Grande;Finished;2525;liters
162;Spanish Red Cross - AECID;WASH;Water;Water;215;21506;Bitag Grande;Finished;900;liters
163;Spanish Red Cross - AECID;WASH;Water;Water;215;21506;Bitag Grande;Finished;2175;liters
164;Spanish Red Cross - AECID;WASH;Water;Water;215;21506;San Jose;Finished;2100;liters
165;Spanish Red Cross - AECID;WASH;Water;Water;215;21506;Temblique;Finished;525;liters
166;Spanish Red Cross - AECID;WASH;Water;Water;215;21506;Temblique;Finished;1225;liters
167;Spanish Red Cross - AECID;WASH;Water;Water;215;21506;Temblique;Finished;375;liters
168;Spanish Red Cross - AECID;WASH;Water;Water;215;21506;Assasi;Finished;400;liters
169;Spanish Red Cross - AECID;WASH;Water;Water;215;21506;Assasi;Finished;1550;liters
170;Spanish Red Cross - AECID;WASH;Water;Water;215;21506;Assasi;Finished;1625;liters
171;Spanish Red Cross - AECID;WASH;Water;Water;215;21506;Assasi;Finished;1400;liters
172;Spanish Red Cross - AECID;WASH;Water;Water;215;21506;Assasi;Finished;3100;liters
173;PRC;Health;Health;First Aid Station;215;21506;Tamboli;Finished;1;area
174;Spanish Red Cross - AECID;WASH;Water;Water;215;21506;Bitag Grande;Finished;300;liters
175;Spanish Red Cross - AECID;WASH;Water;Water;215;21506;Bitag Grande;Finished;1100;liters
176;Spanish Red Cross - AECID;WASH;Water;Water;215;21506;Temblique;Finished;1000;liters
177;Spanish Red Cross - AECID;WASH;Water;Water;215;21506;Temblique;Finished;1900;liters
178;Spanish Red Cross - AECID;WASH;Water;Water;215;21506;San Jose;Finished;3000;liters
179;Spanish Red Cross - AECID;WASH;Water;Water;215;21506;Bitag Grande;Finished;1205;liters
180;ICRC;Shelter;Shelter Tool Kits;Tarpaulins;215;21506;San Jose;Finished;50;Families
181;ICRC;Shelter;Shelter Tool Kits;Shelter Tool Kits;215;21506;San Jose;Finished;50;Families
182;IFRC;WASH;Water;Water;215;21506;San Jose;Finished;5000;liters
183;IFRC;WASH;Water;Water;215;21506;Bitag Grande;Finished;300;liters
184;IFRC;WASH;Water;Water;215;21506;Bitag Grande;Finished;850;liters
185;IFRC;WASH;Water;Water;215;21506;Bitag Grande;Finished;1150;liters
186;IFRC;WASH;Water;Water;215;21506;Bitag Grande;Finished;1200;liters
187;IFRC;WASH;Water;Water;215;21506;Temblique;Finished;375;liters
188;IFRC;WASH;Water;Water;215;21506;Temblique;Finished;1075;liters
189;IFRC;WASH;Water;Water;215;21506;Temblique;Finished;1800;liters
190;IFRC;WASH;Water;Water;215;21506;Temblique;Finished;925;liters
191;IFRC;WASH;Water;Water;215;21506;Assassi;Finished;150;liters
192;IFRC;WASH;Water;Water;215;21506;Assassi;Finished;325;liters
193;IFRC;WASH;Water;Water;215;21506;Assassi;Finished;350;liters
194;IFRC;WASH;Water;Water;215;21506;Assassi;Finished;1325;liters
195;IFRC;WASH;Water;Water;215;21506;Assassi;Finished;1000;liters
196;Qatar Red Crescent Society;Relief;Non-Food Items;Sleeping kit (Blankets);215;21506;Agaman Sur;Finished;234;families
197;Qatar Red Crescent Society;Relief;Non-Food Items;Sleeping Kit (Plastic Mats);215;21506;Agaman Sur;Finished;234;families
198;Qatar Red Crescent Society;Relief;Non-Food Items;Sleeping Kit (Mosquito Nets);215;21506;Agaman Sur;Finished;234;families
199;Qatar Red Crescent Society;WASH;Non-Food Items;Hygiene Kit;215;21506;Agaman Sur;Finished;234;families
200;Qatar Red Crescent Society;WASH;Non-Food Items;Jerry Cans;215;21506;Agaman Sur;Finished;234;families
201;Qatar Red Crescent Society;Relief;Non-Food Items;Tarpaulins;215;21506;Agaman Sur;Finished;234;families
202;PRC;Health;PSS;Welfare Desk;215;21506;Sta Margarita;Finished;;
203;PRC;Relief;Ready-to-Eat;Biscuits;215;21506;Sta. Margarita;Finished;600;individuals
204;PRC;Relief;Ready-to-Eat;Biscuits;215;21506;Sta. Margarita;Finished;200;individuals
205;PRC;Relief;Ready-to-Eat;Biscuits;215;21506;Awallan;Finished;1000;individuals
206;PRC;Relief;Ready-to-Eat;Biscuits;215;21506;Bitag Grande;Finished;678;individuals
207;IFRC;WASH;Hygiene Promotion;Hygiene Promotion;215;21506;Agaman Sur;Finished;82;individuals
208;IFRC;WASH;Hygiene Promotion;Hygiene Promotion;215;21506;Sta Margarita;Finished;477;individuals
209;IFRC;WASH;Hygiene Promotion;Hygiene Promotion;215;21506;Mocag;Finished;300;individuals
210;IFRC;WASH;Hygiene Promotion;Hygiene Promotion;215;21506;Awallan;Finished;233;individuals
211;IFRC;WASH;Hygiene Promotion;Hygiene Promotion;215;21506;Adaoag;Finished;136;individuals
212;IFRC;WASH;Hygiene Promotion;Hygiene Promotion;215;21506;Bitag Grande;Finished;251;individuals
213;PRC;Health;Health;Blood Units;1411;21506;;Finished;2;unit
214;PRC;Relief;Non-Food Items;Towels;1411;141102;Sto Tomas;Finished;25;families
215;PRC;Relief;Non-Food Items;Towels;1411;141102;Loakan;Finished;4;families
216;PRC;Relief;Non-Food Items;Towels;1411;141102;City Camp;Finished;51;families
217;PRC;Relief;Non-Food Items;Towels;1411;141102;Loakan;Finished;8;families
218;PRC;Health;PSS;PSP;1411;141102;Sto. Tomas;Finished;11;individuals
219;PRC;Relief;Ready-to-Eat;Hot Meals;1411;141102;Roxas;Finished;57;individuals
220;PRC;Relief;Ready-to-Eat;Hot Meals;1411;141102;;Finished;132;individuals
221;PRC;Relief;Ready-to-Eat;Hot Meals;1411;141102;Loakan;Finished;24;individuals
222;PRC;Relief;Ready-to-Eat;Hot Meals;1411;141102;Loakan;Finished;57;individuals
223;PRC;Assessment;Assessment;RDANA;1411;141102;;Finished;1;area
224;PRC;SRR;Retrieval;Retrieval and Clearing operations;1411;141102;Loakan;Finished;1;community
225;Spanish Red Cross - AECID;WASH;Water;Water;1411;141102;Pinesville;Finished;1000;individuals
226;Spanish Red Cross - AECID;WASH;Water;Water;1411;141102;Sto. Rosario;Finished;1133;individuals
227;Spanish Red Cross - AECID;WASH;Water;Water;1411;141102;Campo Sioco;Finished;1133;individuals
228;Spanish Red Cross - AECID;WASH;Hygiene Promotion;Hygiene Promotion;1411;141102;Lucnab;Finished;37;individuals
229;Spanish Red Cross - AECID;WASH;Hygiene Promotion;Hygiene Promotion;1411;141102;Camp 7;Finished;53;individuals
230;Spanish Red Cross - AECID;WASH;Hygiene Promotion;Hygiene Promotion;1411;141102;Camp 7;Finished;109;individuals
231;PRC;Protection;Child Protection;Child Protection Orientation;1411;141102;Camp 7;Finished;109;individuals
232;Spanish Red Cross - AECID;WASH;Hygiene Promotion;Hygiene Promotion;1411;141102;Brookespoint;Finished;20;individuals
233;Spanish Red Cross - AECID;WASH;Hygiene Promotion;Hygiene Promotion;1411;141102;Camp 7;Finished;108;individuals
234;PRC;Health;PSS;PSP;1411;141102;Brgy Upper Quezon Hill;Finished;2;individuals
235;Spanish Red Cross - AECID;WASH;Hygiene Promotion;Hygiene Promotion;1411;141102;Sto. Rosario;Finished;119;individuals
236;Spanish Red Cross - AECID;WASH;Hygiene Promotion;Hygiene Promotion;1411;141102;GEFA;Finished;30;individuals
237;Spanish Red Cross - AECID;WASH;Hygiene Promotion;Hygiene Promotion;1411;141102;Middle Quirino Hill Day Care Center;Finished;19;individuals
238;Spanish Red Cross - AECID;WASH;Hygiene Promotion;Hygiene Promotion;1411;141102;Lower Rock Quarry;Finished;74;individuals
239;Unknown;WASH;Hygiene Promotion;Hygiene Promotion;1411;141102;Loakan;Finished;45;individuals
240;Unknown;WASH;Hygiene Promotion;Hygiene Promotion;1411;141102;Loakan;Finished;29;individuals
241;Unknown;WASH;Hygiene Promotion;Hygiene Promotion;1411;141102;Loakan;Finished;79;individuals
242;Unknown;WASH;Hygiene Promotion;Hygiene Promotion;1411;141102;;Finished;62;individuals
243;PRC;Relief;Food Items;Food Items (Standard);1411;141102;Camp 7;Finished;240;families
244;PRC;Relief;Food Items;Food Items (Standard);1411;141102;Guisad Surong;Finished;4;families
245;PRC;Relief;Food Items;Food Items (Standard);1411;141102;KM 4 Asin Road;Finished;18;families
246;PRC;Relief;Food Items;Food Items (Standard);1411;141102;Lourdes Proper;Finished;34;families
247;PRC;Relief;Food Items;Food Items (Standard);1411;141102;Various;Finished;25;families
248;PRC;Relief;Food Items;Food Items (Standard);1411;141102;Lualhati;Finished;33;families
249;PRC;Relief;Food Items;Food Items (Standard);1411;141102;Happy Homes;Finished;12;families
250;PRC;Relief;Non-Food Items;Sleeping Kit (Blankets);1411;141102;Guisad Surong;Finished;4;families
251;PRC;WASH;Non-Food Items;Hygiene Kit (assorted);1411;141102;Guisad Surong;Finished;4;families
252;PRC;Assessment;Assessment;RDANA;133;13304;;Finished;1;area
253;PRC;Assessment;Assessment;RDANA;133;13305;;Finished;1;area
254;PRC;Assessment;Assessment;RDANA;1432;143201;;Finished;1;area
255;Australian DFAT;Relief;Non-Food Items;Sleeping Kit (Blankets);1432;143201;;Finished;281;families
256;Australian DFAT;Relief;Non-Food Items;Sleeping Kit (Plastic Mats);1432;143201;;Finished;281;families
257;Australian DFAT;Relief;Non-Food Items;Sleeping Kit (Mosquito Nets);1432;143201;;Finished;281;families
258;Australian DFAT;WASH;Non-Food Items;Hygiene Kit;1432;143201;;Finished;281;families
259;Australian DFAT;WASH;Non-Food Items;Jerry Cans;1432;143201;;Finished;281;families
260;Australian DFAT;Relief;Non-Food Items;Tarpaulins;1432;143201;;Finished;281;families
261;PRC;Relief;Food Items;Food Items (Standard);1432;143201;Gawa-an;Finished;197;families
262;PRC;Assessment;Assessment;RDANA;1427;142701;;Finished;1;area
263;Spanish Red Cross;Relief;Cash;Multi-Purpose Cash Grant (PHP3,500);1427;142701;Amganad;Finished;19;families
264;Spanish Red Cross;Relief;Cash;Multi-Purpose Cash Grant (PHP3,500);1427;142701;Anaba;Finished;29;families
265;Spanish Red Cross;Relief;Cash;Multi-Purpose Cash Grant (PHP3,500);1427;142701;Balawis;Finished;2;families
266;Spanish Red Cross;Relief;Cash;Multi-Purpose Cash Grant (PHP3,500);1427;142701;Banao;Finished;13;families
267;Spanish Red Cross;Relief;Cash;Multi-Purpose Cash Grant (PHP3,500);1427;142701;Bangaan;Finished;20;families
268;Spanish Red Cross;Relief;Cash;Multi-Purpose Cash Grant (PHP3,500);1427;142701;Bocos;Finished;35;families
269;Spanish Red Cross;Relief;Cash;Multi-Purpose Cash Grant (PHP3,500);1427;142701;Cambulo;Finished;22;families
270;Spanish Red Cross;Relief;Cash;Multi-Purpose Cash Grant (PHP3,500);1427;142701;Ducligan;Finished;26;families
271;Spanish Red Cross;Relief;Cash;Multi-Purpose Cash Grant (PHP3,500);1427;142701;Gohang;Finished;14;families
272;Spanish Red Cross;Relief;Cash;Multi-Purpose Cash Grant (PHP3,500);1427;142701;Kinakin;Finished;20;families
273;Spanish Red Cross;Relief;Cash;Multi-Purpose Cash Grant (PHP3,500);1427;142701;Poblacion;Finished;50;families
274;Spanish Red Cross;Relief;Cash;Multi-Purpose Cash Grant (PHP3,500);1427;142701;Poitan;Finished;25;families
275;Spanish Red Cross;Relief;Cash;Multi-Purpose Cash Grant (PHP3,500);1427;142701;Pula;Finished;18;families
276;Spanish Red Cross;Relief;Cash;Multi-Purpose Cash Grant (PHP3,500);1427;142701;San Fernando;Finished;6;families
277;Spanish Red Cross;Relief;Cash;Multi-Purpose Cash Grant (PHP3,500);1427;142701;Tam-an;Finished;12;families
278;Spanish Red Cross;Relief;Cash;Multi-Purpose Cash Grant (PHP3,500);1427;142701;Uhaj;Finished;15;families
279;Spanish Red Cross;Relief;Cash;Multi-Purpose Cash Grant (PHP3,500);1427;142701;View Point;Finished;33;families
280;PRC;Assessment;Assessment;RDANA;133;13306;;Finished;1;area
281;ICRC;Shelter;Shelter Tool Kits;Tarpaulins;1401;140101;;Finished;50;families
282;ICRC;Shelter;Shelter Tool Kits;Shelter Tool Kits;1401;140101;;Finished;50;families
283;PRC;Relief;Ready-to-Eat;Hot Meals;410;41005;;Finished;500;individuals
284;PRC;Health;Health;Blood Pressure;410;41005;;Finished;30;individuals
285;PRC;Relief;Ready-to-Eat;Biscuits;133;13307;Calumbaya;Finished;374;individuals
286;PRC;Relief;Ready-to-Eat;Hot Meals;250;25005;Bonfal West Proper;Finished;289;individuals
287;PRC;Assessment;Assessment;RDANA;1444;144403;;Finished;1;area
288;IFRC;Relief;Cash;Multi-Purpose Cash Grant (PHP3,500);1411;141104;Ambuklao;Finished;14;families
289;IFRC;Relief;Cash;Multi-Purpose Cash Grant (PHP3,500);1411;141104;Bila;Finished;15;families
290;IFRC;Relief;Cash;Multi-Purpose Cash Grant (PHP3,500);1411;141104;Bobok-Bisal;Finished;12;families
291;IFRC;Relief;Cash;Multi-Purpose Cash Grant (PHP3,500);1411;141104;Daclan;Finished;10;families
292;IFRC;Relief;Cash;Multi-Purpose Cash Grant (PHP3,500);1411;141104;Ekip;Finished;13;families
293;IFRC;Relief;Cash;Multi-Purpose Cash Grant (PHP3,500);1411;141104;Karao;Finished;3;families
294;IFRC;Relief;Cash;Multi-Purpose Cash Grant (PHP3,500);1411;141104;Nawal;Finished;4;families
295;IFRC;Relief;Cash;Multi-Purpose Cash Grant (PHP3,500);1411;141104;Pito;Finished;2;families
296;IFRC;Relief;Cash;Multi-Purpose Cash Grant (PHP3,500);1411;141104;Poblacion;Finished;1;families
297;IFRC;Relief;Cash;Multi-Purpose Cash Grant (PHP3,500);1411;141104;Tikey;Finished;12;families
298;PRC;Relief;Ready-to-Eat;Biscuits;371;37101;Parel;Finished;29;individuals
299;PRC;Assessment;Assessment;RDANA;1401;140103;;Finished;1;area
300;ICRC;Shelter;Shelter Tool Kits;Tarpaulins;1401;140103;;Finished;8;families
301;ICRC;Shelter;Shelter Tool Kits;Shelter Tool Kits;1401;140103;;Finished;8;families
302;PRC;Assessment;Assessment;RDANA;215;21508;;Finished;1;area
303;PRC;Assessment;Assessment;RDANA;1411;141105;;Finished;1;area
304;IFRC;Relief;Cash;Multi-Purpose Cash Grant (PHP3,500);1411;141105;Abatan;Finished;4;families
305;IFRC;Relief;Cash;Multi-Purpose Cash Grant (PHP3,500);1411;141105;Amgaleyguey;Finished;7;families
306;IFRC;Relief;Cash;Multi-Purpose Cash Grant (PHP3,500);1411;141105;Amlimay;Finished;6;families
307;IFRC;Relief;Cash;Multi-Purpose Cash Grant (PHP3,500);1411;141105;Baculongan Norte;Finished;26;families
308;IFRC;Relief;Cash;Multi-Purpose Cash Grant (PHP3,500);1411;141105;Baculongan Sur;Finished;4;families
309;IFRC;Relief;Cash;Multi-Purpose Cash Grant (PHP3,500);1411;141105;Bangao;Finished;4;families
310;IFRC;Relief;Cash;Multi-Purpose Cash Grant (PHP3,500);1411;141105;Buyacaoan;Finished;34;families
311;IFRC;Relief;Cash;Multi-Purpose Cash Grant (PHP3,500);1411;141105;Catlubong;Finished;18;families
312;IFRC;Relief;Cash;Multi-Purpose Cash Grant (PHP3,500);1411;141105;Lengaoan;Finished;16;families
313;IFRC;Relief;Cash;Multi-Purpose Cash Grant (PHP3,500);1411;141105;Loo;Finished;19;families
314;IFRC;Relief;Cash;Multi-Purpose Cash Grant (PHP3,500);1411;141105;Natubleng;Finished;10;families
315;IFRC;Relief;Cash;Multi-Purpose Cash Grant (PHP3,500);1411;141105;Poblacion;Finished;75;families
316;IFRC;Relief;Cash;Multi-Purpose Cash Grant (PHP3,500);1411;141105;Sebang;Finished;6;families
317;PRC;Relief;Ready-to-Eat;Biscuits;133;13309;Poblacion Norte;Finished;292;individuals
318;PRC;Assessment;Assessment;RDANA;133;13309;;Finished;1;area
319;PRC;Relief;Food Items;Food Items (Standard);133;13309;Santiago Norte;Finished;137;families
320;PRC;Relief;Food Items;Food Items (Standard);133;13309;Wenceslao;Finished;102;families
321;PRC;Assessment;Assessment;RDANA;231;23106;;Finished;1;area
322;PRC;Relief;Ready-to-Eat;Hot Meals;231;23106;San Pablo;Finished;605;individuals
323;PRC;Health;PSS;PSP;231;23106;Casibarag;Finished;605;individuals
324;PRC;Assessment;Assessment;RDANA;129;12905;;Finished;1;area
325;PRC;Relief;Non-Food Items;Sleeping Kit (Blankets);458;45805;San Andres;Finished;13;families
326;PRC;WASH;Non-Food Items;Hygiene Kit (assorted);458;45805;San Andres;Finished;13;families
327;PRC;Relief;Food Items;Food Items (Standard);1481;148101;Elena;Finished;50;families
328;Philippine Red Cross;Relief;Food Items;Food Items (Standard);1481;148101;Elena;Finished;130;families
329;PRC;SRR;Rescue;Rescued/Assisted;1375;137501;Barangay 102;Finished;1;individuals
330;PRC;Health;PSS;PSP;314;31407;Poblacion;Finished;44;individuals
331;PRC;Health;PSS;PSP;314;31407;Sapang Bayan;Finished;63;individuals
332;PRC;Health;PSS;PSP;314;31407;Meysulao;Finished;49;individuals
333;PRC;Health;PSS;PSP;314;31407;San Miguel;Finished;75;individuals
334;PRC;WASH;Hygiene Promotion;Hygiene Promotion;314;31407;Poblacion;Finished;44;individuals
335;PRC;WASH;Hygiene Promotion;Hygiene Promotion;314;31407;Sapang Bayan;Finished;63;individuals
336;PRC;WASH;Hygiene Promotion;Hygiene Promotion;314;31407;Meysulao;Finished;49;individuals
337;PRC;WASH;Hygiene Promotion;Hygiene Promotion;314;31407;San Miguel;Finished;75;individuals
338;PRC;Relief;Ready-to-Eat;Hot Meals;314;31407;Poblacion;Finished;127;individuals
339;PRC;Relief;Ready-to-Eat;Hot Meals;314;31407;Sapang Bayan;Finished;197;individuals
340;PRC;Relief;Ready-to-Eat;Hot Meals;314;31407;Meysulao;Finished;129;individuals
341;PRC;Relief;Ready-to-Eat;Hot Meals;314;31407;San Miguel;Finished;159;individuals
342;PRC;Assessment;Assessment;RDANA;215;21510;;Finished;1;area
343;PRC;Health;PSS;PSP;369;36903;Poblacion;Finished;55;individuals
344;PRC;Relief;Food Items;Food Items (Standard);369;36903;Poblacion;Finished;30;families
345;PRC;Relief;Ready-to-Eat;Biscuits;369;36903;Poblacion;Finished;117;individuals
346;PRC;Relief;Ready-to-Eat;Bread;369;36903;Poblacion;Finished;120;individuals
347;PRC;Relief;Ready-to-Eat;Hot Meals;371;37103;Binabalian;Finished;287;individuals
348;PRC;Relief;Ready-to-Eat;Hot Meals;371;37104;Balabay;Finished;158;individuals
349;PRC;Relief;Ready-to-Eat;Hot Meals;155;15503;;Finished;1640;individuals
350;PRC;Health;PSS;Welfare Desk;155;15503;;Finished;;
351;PRC;Assessment;Assessment;RDANA;128;12805;;Finished;1;area
352;PRC;Assessment;Assessment;RDANA;129;12906;;Finished;1;area
356;PRC;Relief;Ready-to-Eat;Hot Meals;1374;137402;;Finished;220;individuals
357;PRC;Relief;Ready-to-Eat;Hot Meals;1374;137402;;Finished;250;individuals
358;PRC;Relief;Ready-to-Eat;Hot Meals;1374;137402;;Finished;225;individuals
359;PRC;Health;PSS;PSP;1374;137402;Malanday;Finished;300;individuals
360;PRC;Health;PSS;PSP;1374;137402;Concepcion Uno;Finished;500;individuals
361;PRC;Health;PSS;PSP;1374;137402;Nangka;Finished;509;individuals
362;PRC;Relief;Ready-to-Eat;Hot Meals;1376;137603;Buli;Finished;187;individuals
363;PRC;Relief;Ready-to-Eat;Hot Meals;1376;137603;Cupang;Finished;1435;individuals
364;PRC;Relief;Ready-to-Eat;Biscuits;1375;137503;;Finished;83;individuals
365;PRC;Health;PSS;Welfare Desk;133;13314;San Agustin;Finished;;
366;PRC;Relief;Ready-to-Eat;Hot Meals;133;13314;San Agustin;Finished;227;individuals
367;PRC;Health;Health;First Aid;133;13314;San Agustin;Finished;5;individuals
368;PRC;Health;Health;Blood Units;133;13314;Carlatan;Finished;7;units
369;PRC;Health;PSS;PSP;133;13314;San Agustin;Finished;92;individuals
370;PRC;Health;PSS;Welfare Desk;133;13314;;Finished;;
371;PRC;Relief;Ready-to-Eat;Hot Meals;133;13314;Sevilla;Finished;37;individuals
372;PRC;Relief;Ready-to-Eat;Hot Meals;133;13314;Sevilla;Finished;25;individuals
373;PRC;Relief;Ready-to-Eat;Hot Meals;133;13314;Sevilla;Finished;196;individuals
374;PRC;Relief;Ready-to-Eat;Hot Meals;133;13314;San Francisco;Finished;113;individuals
375;PRC;Relief;Ready-to-Eat;Hot Meals;133;13314;Poro;Finished;21;individuals
376;PRC;Relief;Ready-to-Eat;Hot Meals;1374;137405;;Finished;183;individuals
377;PRC;Health;PSS;Welfare Desk;231;23135;;Finished;;
378;PRC;Relief;Non-Food Items;Sleeping Kit (Plastic Mats);1432;143213;;Finished;5;families
379;PRC;Relief;Non-Food Items;Sleeping Kit (Plastic Mats);1432;143213;Bulanao;Finished;5;families
380;PRC;Assessment;Assessment;RDANA;1432;143213;;Finished;1;area
381;PRC;Relief;Ready-to-Eat;Hot Meals;1432;143213;Laya West;Finished;117;individuals
382;PRC;Relief;Ready-to-Eat;Hot Meals;1432;143213;Cabaruan;Finished;228;individuals
383;PRC;Health;PSS;PSP;1432;143213;Laya West;Finished;66;individuals
384;PRC;Health;PSS;PSP;1432;143213;Cabaruan;Finished;75;individuals
385;PRC;Relief;Ready-to-Eat;Hot Meals;1432;143213;Socbot;Finished;368;individuals
386;PRC;Assessment;Assessment;RDANA;215;21511;;Finished;1;area
387;PRC Quirino Chapter;Relief;Food Items;Food Items (Standard);1481;148102;Mawige;Finished;56;families
388;PRC Quirino Chapter;Relief;Food Items;Food Items (Standard);1481;148102;Allamingigan;Finished;92;families
389;ICRC;Shelter;Shelter Tool Kits;Shelter Tool Kits;1481;148102;Allangigan;Finished;66;Families
390;ICRC;Shelter;Shelter Tool Kits;Tarpaulins;1481;148102;Allangigan;Finished;66;Families
391;ICRC;Shelter;Shelter Tool Kits;Shelter Tool Kits;1481;148102;Ripang;Finished;44;Families
392;ICRC;Shelter;Shelter Tool Kits;Tarpaulins;1481;148102;Ripang;Finished;44;Families
393;ICRC;Shelter;Shelter Tool Kits;Shelter Tool Kits;1481;148102;Buluan;Finished;5;Families
394;ICRC;Shelter;Shelter Tool Kits;Tarpaulins;1481;148102;Buluan;Finished;5;Families
395;ICRC;Shelter;Shelter Tool Kits;Shelter Tool Kits;1481;148102;Mawigue;Finished;51;Families
396;ICRC;Shelter;Shelter Tool Kits;Tarpaulins;1481;148102;Mawigue;Finished;51;Families
397;ICRC;Shelter;Shelter Tool Kits;Shelter Tool Kits;1481;148102;Banban;Finished;130;Families
398;ICRC;Shelter;Shelter Tool Kits;Tarpaulins;1481;148102;Banban;Finished;130;Families
399;ICRC;Shelter;Shelter Tool Kits;Shelter Tool Kits;1481;148102;Daga;Finished;65;Families
400;ICRC;Shelter;Shelter Tool Kits;Tarpaulins;1481;148102;Daga;Finished;65;Families
401;ICRC;Shelter;Shelter Tool Kits;Shelter Tool Kits;1481;148102;Puguin;Finished;61;Families
402;ICRC;Shelter;Shelter Tool Kits;Tarpaulins;1481;148102;Puguin;Finished;61;Families
403;ICRC;Shelter;Shelter Tool Kits;Shelter Tool Kits;1481;148102;Calafug;Finished;69;Families
404;ICRC;Shelter;Shelter Tool Kits;Tarpaulins;1481;148102;Calafug;Finished;69;Families
405;PRC;Assessment;Assessment;RDANA;128;12808;;Finished;1;area
406;ICRC;Shelter;Shelter Tool Kits;Tarpaulins;1401;140106;;Finished;17;families
407;ICRC;Shelter;Shelter Tool Kits;Shelter Tool Kits;1401;140106;;Finished;17;families
408;PRC;Assessment;Assessment;RDANA;231;23118;;Finished;1;area
409;PRC;Relief;Ready-to-Eat;Biscuits;231;23118;;Finished;461;individuals
410;PRC;Relief;Ready-to-Eat;Hot Meals;231;23118;;Finished;461;individuals
411;PRC;Relief;Ready-to-Eat;Biscuits;231;23118;Ragan;Finished;212;individuals
412;PRC;Relief;Ready-to-Eat;Hot Meals;231;23118;Ragan;Finished;212;individuals
413;PRC;WASH;Hygiene Promotion;Hygiene Promotion;231;23118;;Finished;461;individuals
414;PRC;WASH;Hygiene Promotion;Hygiene Promotion;231;23118;Ragan;Finished;212;individuals
415;PRC;Assessment;Assessment;RDANA;128;12809;;Finished;1;area
416;PRC;Assessment;Assessment;RDANA;1401;140107;;Finished;1;area
417;ICRC;Shelter;Shelter Tool Kits;Tarpaulins;1401;140107;;Finished;2;families
418;ICRC;Shelter;Shelter Tool Kits;Shelter Tool Kits;1401;140107;;Finished;2;families
419;PRC;Assessment;Assessment;RDANA;1481;148103;;Finished;1;area
420;Australian DFAT;Relief;Non-Food Items;Sleeping Kit (Blankets);1481;148103;Poblacion East;Finished;133;families
421;Australian DFAT;Relief;Non-Food Items;Sleeping Kit (Plastic Mats);1481;148103;Poblacion East;Finished;133;families
422;Australian DFAT;Relief;Non-Food Items;Sleeping Kit (Mosquito Nets);1481;148103;Poblacion East;Finished;133;families
423;Australian DFAT;WASH;Non-Food Items;Hygiene Kit;1481;148103;Poblacion East;Finished;133;families
424;Australian DFAT;WASH;Non-Food Items;Jerry Cans;1481;148103;Poblacion East;Finished;133;families
425;Australian DFAT;Relief;Non-Food Items;Tarpaulins;1481;148103;Poblacion East;Finished;133;families
426;PRC;Relief;Food Items;Food Items (Standard);1481;148103;Balasi;Finished;50;families
427;PRC;Assessment;Assessment;RDANA;215;21513;;Finished;1;area
428;Spanish Red Cross - AECID;WASH;Water;Water;215;21513;Centro Norte;Finished;10000;liters
429;Spanish Red Cross - AECID;WASH;Water;Water;215;21513;Centro Norte;Finished;12000;liters
430;Spanish Red Cross - AECID;WASH;Water;Water;215;21513;San Vicente;Finished;12000;liters
431;Spanish Red Cross - AECID;WASH;Water;Water;215;21513;Centro Norte;Finished;7000;liters
432;Spanish Red Cross - AECID;WASH;Water;Water;215;21513;San Vicente;Finished;7000;liters
433;Spanish Red Cross - AECID;WASH;Water;Water;215;21513;Centro Norte;Finished;5000;liters
434;Spanish Red Cross - AECID;WASH;Water;Water;215;21513;San Vicente;Finished;5000;liters
435;PRC;Health;PSS;Welfare Desk;215;21513;San Vicente;Finished;;
436;PRC;Relief;Ready-to-Eat;Hot Meals;215;21513;San Vicente;Finished;588;individuals
437;PRC;Health;PSS;PSP;215;21513;San Vicente;Finished;1196;individuals
438;Spanish Red Cross - AECID;WASH;Water;Water;215;21513;Centro Norte;Finished;5000;liters
439;Spanish Red Cross - AECID;WASH;Water;Water;215;21513;San Vicente;Finished;4000;liters
440;IFRC;Relief;Non-Food Items;Sleeping Kit (Blankets);215;21513;San Vicente;Finished;355;families
441;IFRC;Relief;Non-Food Items;Sleeping Kit (Plastic Mats);215;21513;San Vicente;Finished;355;families
442;IFRC;Relief;Non-Food Items;Sleeping Kit (Mosquito Nets);215;21513;San Vicente;Finished;355;families
443;IFRC;WASH;Non-Food Items;Hygiene Kit;215;21513;San Vicente;Finished;355;families
444;IFRC;WASH;Non-Food Items;Jerry Cans;215;21513;San Vicente;Finished;355;families
445;IFRC;Relief;Non-Food Items;Tarpaulins;215;21513;San Vicente;Finished;355;families
446;Spanish Red Cross - AECID;WASH;Water;Water;215;21513;San Vicente;Finished;5000;liters
447;Spanish Red Cross - AECID;WASH;Water;Water;215;21513;Centro norte;Finished;1000;liters
448;PRC;Health;Health;First Aid Station;215;21513;San Vicente;Finished;1;area
449;ICRC;Shelter;Shelter Tool Kits;Tarpaulins;215;21513;Tanglagan;Finished;293;Families
450;ICRC;Shelter;Shelter Tool Kits;Shelter Tool Kits;215;21513;Tanglagan;Finished;293;Families
451;PRC;Health;PSS;Welfare Desk;215;21513;Tanglagan;Finished;;
452;PRC;Health;Health;First Aid Station;215;21513;Tanglagan;Finished;1;area
453;PRC;Relief;Ready-to-Eat;Biscuits;215;21513;San Vicente;Finished;588;individuals
454;PRC;Health;PSS;PSP;215;21514;Centro;Finished;1050;individuals
455;PRC;WASH;Hygiene Promotion;Hygiene Promotion;215;21514;Centro;Finished;200;individuals
456;PRC;Health;Health;First Aid;215;21514;Centro;Finished;1;individuals
457;PRC;Health;Health;Blood Pressure;215;21514;Centro;Finished;300;individuals
458;PRC;Health;Referral;Health Referral;215;21514;Centro;Finished;30;individuals
459;PRC;Relief;Ready-to-Eat;Biscuits;215;21514;Centro;Finished;2498;individuals
460;PRC;Health;PSS;Welfare Desk;215;21514;Centro;Finished;;
461;PRC;Health;Referral;Welfare Referral;215;21514;Centro;Finished;50;individuals
462;PRC;Health;RFL;Tracing;215;21514;Centro;Finished;2;individuals
463;PRC;Health;RFL;RFL (I am Alive);215;21514;Centro;Finished;6;individuals
464;PRC;Health;PSS;PSP;215;21514;Centro;FInished;750;individuals
465;PRC;Assessment;Assessment;RDANA;215;21514;;Finished;1;area
466;PRC;Health;Health;First Aid Station;215;21514;Centro;Finished;1;area
467;IFRC;Relief;Cash;Multi-Purpose Cash Grant (PHP3,500);215;21514;Amunitan;Finished;22;families
468;IFRC;Relief;Cash;Multi-Purpose Cash Grant (PHP3,500);215;21514;Batangan;Finished;29;families
469;IFRC;Relief;Cash;Multi-Purpose Cash Grant (PHP3,500);215;21514;Baua;Finished;12;families
470;IFRC;Relief;Cash;Multi-Purpose Cash Grant (PHP3,500);215;21514;Calayan;Finished;11;families
471;IFRC;Relief;Cash;Multi-Purpose Cash Grant (PHP3,500);215;21514;Callo;Finished;18;families
472;IFRC;Relief;Cash;Multi-Purpose Cash Grant (PHP3,500);215;21514;Caroan;Finished;21;families
473;IFRC;Relief;Cash;Multi-Purpose Cash Grant (PHP3,500);215;21514;Casitan;Finished;14;families
474;IFRC;Relief;Cash;Multi-Purpose Cash Grant (PHP3,500);215;21514;Dungen;Finished;1;families
475;IFRC;Relief;Cash;Multi-Purpose Cash Grant (PHP3,500);215;21514;Flourishing;Finished;10;families
476;IFRC;Relief;Cash;Multi-Purpose Cash Grant (PHP3,500);215;21514;Ipil;Finished;18;families
477;IFRC;Relief;Cash;Multi-Purpose Cash Grant (PHP3,500);215;21514;Isca;Finished;15;families
478;IFRC;Relief;Cash;Multi-Purpose Cash Grant (PHP3,500);215;21514;Minanga;Finished;11;families
479;IFRC;Relief;Cash;Multi-Purpose Cash Grant (PHP3,500);215;21514;Paradise;Finished;14;families
480;IFRC;Relief;Cash;Multi-Purpose Cash Grant (PHP3,500);215;21514;Progressive;Finished;11;families
481;IFRC;Relief;Cash;Multi-Purpose Cash Grant (PHP3,500);215;21514;Rebecca;Finished;17;families
482;IFRC;Relief;Cash;Multi-Purpose Cash Grant (PHP3,500);215;21514;San Jose;Finished;11;families
483;IFRC;Relief;Cash;Multi-Purpose Cash Grant (PHP3,500);215;21514;Santa Ana;Finished;1;families
484;IFRC;Relief;Cash;Multi-Purpose Cash Grant (PHP3,500);215;21514;Santa Cruz;Finished;9;families
485;IFRC;Relief;Cash;Multi-Purpose Cash Grant (PHP3,500);215;21514;Smart;Finished;10;families
486;IFRC;Relief;Cash;Multi-Purpose Cash Grant (PHP3,500);215;21514;Tapel;Finished;50;families
487;Spanish Red Cross;Relief;Cash;Multi-Purpose Cash Grant (PHP3,500);1427;142709;Bitu;Finished;1;families
488;Spanish Red Cross;Relief;Cash;Multi-Purpose Cash Grant (PHP3,500);1427;142709;Cababuyan North;Finished;10;families
489;Spanish Red Cross;Relief;Cash;Multi-Purpose Cash Grant (PHP3,500);1427;142709;Mompolia;Finished;1;families
490;Spanish Red Cross;Relief;Cash;Multi-Purpose Cash Grant (PHP3,500);1427;142709;Namulditan;Finished;6;families
491;Spanish Red Cross;Relief;Cash;Multi-Purpose Cash Grant (PHP3,500);1427;142709;O-ong;Finished;2;families
492;Spanish Red Cross;Relief;Cash;Multi-Purpose Cash Grant (PHP3,500);1427;142709;Pitawan;Finished;2;families
493;Spanish Red Cross;Relief;Cash;Multi-Purpose Cash Grant (PHP3,500);1427;142709;Piwong;Finished;2;families
494;Spanish Red Cross;Relief;Cash;Multi-Purpose Cash Grant (PHP3,500);1427;142709;Southern Cababuyan;Finished;1;families
495;Spanish Red Cross;Relief;Cash;Multi-Purpose Cash Grant (PHP3,500);1427;142709;Ubuag;Finished;2;families
496;Spanish Red Cross;Relief;Cash;Multi-Purpose Cash Grant (PHP3,500);1427;142709;Umalbong;Finished;1;families
497;PRC;Assessment;Assessment;RDANA;215;21515;;Finished;1;area
498;PRC;Health;Health;First Aid Station;215;21515;Baculud;Finished;1;area
499;PRC;Health;Health;First Aid Station;215;21515;San Vicente;Finished;1;area
500;ICRC;Shelter;Shelter Tool Kits;Shelter Tool Kits;215;21515;Baculud;Finished;303;families
501;ICRC;Shelter;Shelter Tool Kits;Tarpaulins;215;21515;Baculud;Finished;303;families
502;PRC;Health;PSS;Welfare Desk;215;21515;Baculud;Finished;1;Evacuation Center
503;PRC;Health;Health;First Aid Station;215;21515;Baculud;Finished;1;area
504;PRC;WASH;Hygiene Promotion;Hygiene Promotion;215;21515;San Vicente;Finished;303;individuals
505;PRC;Health;Health;First Aid Station;215;21515;San Vicente;Finished;1;area
506;ICRC;Shelter;Shelter Tool Kits;Shelter Tool Kits;215;21515;San Vicente;Finished;303;families
507;ICRC;Shelter;Shelter Tool Kits;Tarpaulins;215;21515;San Vicente;Finished;303;families
508;IFRC;WASH;Hygiene Promotion;Hygiene Promotion;215;21515;San Vicente;Finished;303;individuals
509;PRC;Relief;Ready-to-Eat;Hot Meals;231;23114;San Vicente;Finished;33;individuals
510;PRC;Relief;Ready-to-Eat;Hot Meals;231;23114;Bagumbayan;Finished;140;individuals
511;PRC;Relief;Ready-to-Eat;Biscuits;231;23114;San Vicente;Finished;33;individuals
512;PRC;Relief;Ready-to-Eat;Biscuits;231;23114;Bagumbayan;Finished;140;individuals
513;PRC;WASH;Hygiene Promotion;Hygiene Promotion;231;23114;Guinatan;Finished;32;individuals
514;PRC;Assessment;Assessment;RDANA;231;23114;;Finished;1;area
515;PRC;Relief;Ready-to-Eat;Hot Meals;231;23114;San Vicente;Finished;33;individuals
516;PRC;Relief;Ready-to-Eat;Hot Meals;231;23114;Bagumbayan;Finished;140;individuals
517;PRC;Relief;Ready-to-Eat;Hot Meals;231;23114;;Finished;293;individuals
518;PRC;Relief;Non-Food Items;Non Food Items (Assorted);1411;141106;Tuding;Finished;282;families
519;Spanish Red Cross - AECID;WASH;Water;Water;1411;141106;Tuding;Finished;10000;liters
520;PRC;Assessment;Assessment;RDANA;1411;141106;;Finished;1;area
521;Spanish Red Cross - AECID;WASH;Water;Water;1411;141106;Tuding;Finished;1;area
522;PRC;Assessment;Assessment;RDANA;1411;141106;;Finished;1;area
523;Spanish Red Cross - AECID;WASH;Water;Water;1411;141106;Tuding;Finished;4000;liters
524;PRC;SRR;Retrieval;Retrieval and Clearing operations;1411;141106;Ucab;Finished;1;community
525;PRC;Health;PSS;Welfare Desk;1411;141106;Tuding;Finished;;
526;PRC;SRR;Retrieval;Retrieval and Clearing operations;1411;141106;Ucab;Finished;1;community
527;Spanish Red Cross - AECID;WASH;Water;Water;1411;141106;Tuding;Finished;10000;liters
528;PRC;Health;PSS;Welfare Desk;1411;141106;Ucab;Finished;;
529;PRC;Health;PSS;Welfare Desk;1411;141106;Ucab;Finished;;
530;PRC;Health;PSS;Welfare Desk;1411;141106;Tuding;Finished;;
531;PRC;Health;PSS;PSP;1411;141106;Tuding;Finished;269;individuals
532;PRC;Health;PSS;PSP;1411;141106;Tuding;Finished;302;individuals
533;PRC;Health;PSS;PSP;1411;141106;Ucab;Finished;64;individuals
534;Spanish Red Cross - AECID;WASH;Water;Water;1411;141106;Tuding;Finished;6800;liters
535;Spanish Red Cross - AECID;WASH;Water;Water;1411;141106;Tuding;Finished;460;liters
536;Spanish Red Cross - AECID;WASH;Water;Water;1411;141106;Ucab;Finished;1280;liters
537;PRC;SRR;Retrieval;Retrieval and Clearing operations;1411;141106;Midas;Finished;1;community
538;PRC;Health;PSS;PSP;1411;141106;Ucab;Finished;5;Individuals
539;PRC;Health;PSS;PSP;1411;141106;Tuding;Finished;8;Individuals
540;PRC;Health;PSS;PSP;1411;141106;Tuding;Finished;7;Individuals
541;Spanish Red Cross - AECID;WASH;Water;Water;1411;141106;Ucab;Finished;6375;liters
542;Spanish Red Cross - AECID;WASH;Water;Water;1411;141106;Tuding;Finished;6375;liters
543;Spanish Red Cross - AECID;WASH;Hygiene Promotion;Hygiene Promotion;1411;141106;Ucab;Finished;22;Individuals
544;Spanish Red Cross - AECID;WASH;Hygiene Promotion;Hygiene Promotion;1411;141106;Tuding;Finished;28;Individuals
545;Spanish Red Cross - AECID;WASH;Water;Water;1411;141106;Ucab;Finished;6375;liters
546;Spanish Red Cross - AECID;WASH;Water;Water;1411;141106;Ucab;Finished;6375;liters
547;PRC;Health;PSS;PSP;1411;141106;Ucab;Finished;30;individuals
548;PRC;Health;PSS;PSP;1411;141106;Ucab;Finished;81;individuals
549;Spanish Red Cross - AECID;WASH;Hygiene Promotion;Hygiene Promotion;1411;141106;Tuding;Finished;346;individuals
550;PRC;Health;PSS;PSP;1411;141106;Tuding;Finished;60;individuals
551;PRC;Health;PSS;PSP;1411;141106;Ucab;Finished;44;individuals
552;PRC;Health;PSS;PSP;1411;141106;Ucab;Finished;122;individuals
553;PRC;Health;PSS;PSP;1411;141106;Ucab;Finished;49;individuals
554;PRC;Health;PSS;PSP;1411;141106;Ucab;Finished;350;individuals
555;Spanish Red Cross - AECID;WASH;Sanitation;Portalets;1411;141106;;Finished;;
556;Spanish Red Cross - AECID;WASH;Sanitation;Portalets;1411;141106;;Finished;;
557;Spanish Red Cross - AECID;WASH;Sanitation;Portalets;1411;141106;Ucab;Finished;;
558;IFRC;WASH;Sanitation;Payloader;1411;141106;Midas;Finished;;
559;IFRC;WASH;Sanitation;Payloader;1411;141106;Midas;Finished;;
560;Spanish Red Cross - AECID;WASH;Hygiene Promotion;Hygiene Promotion;1411;141106;Ucab;Finished;346;individuals
561;IFRC;WASH;Sanitation;Payloader;1411;141106;Midas;Finished;;
562;IFRC;WASH;Hygiene Promotion;Hygiene Promotion;1411;141106;Ucab;Finished;22;individuals
563;IFRC;WASH;Hygiene Promotion;Hygiene Promotion;1411;141106;Loacan;Finished;28;individuals
564;IFRC;WASH;Sanitation;Payloader;1411;141106;Midas;Finished;;
565;IFRC;Health;PSS;PSP;1411;141106;Loacan;Finished;23;individuals
566;IFRC;Health;PSS;PSP;1411;141106;Ucab;Finished;10;individuals
567;PRC;Assessment;Assessment;RDANA;1411;141107;;Finished;1;area
568;PRC;Health;PSS;PSP;1411;141107;Poblacion;Finished;8;Individuals
569;IFRC;Relief;Non-Food Items;Sleeping Kit (Blankets);1411;141107;Poblacion;Finished;186;families
570;IFRC;Relief;Non-Food Items;Sleeping Kit (Plastic Mats);1411;141107;Poblacion;Finished;186;families
571;IFRC;Relief;Non-Food Items;Sleeping Kit (Mosquito Nets);1411;141107;Poblacion;Finished;186;families
572;IFRC;WASH;Non-Food Items;Hygiene Kit;1411;141107;Poblacion;Finished;186;families
573;IFRC;WASH;Non-Food Items;Jerry Cans;1411;141107;Poblacion;Finished;186;families
574;IFRC;Relief;Non-Food Items;Tarpaulins;1411;141107;Poblacion;Finished;186;families
575;PRC;Health;PSS;PSP;1411;141107;Poblacion;Finished;228;individuals
576;Spanish Red Cross - AECID;WASH;Hygiene Promotion;Hygiene Promotion;1411;141107;Poblacion;Finished;315;individuals
577;Spanish Red Cross - AECID;WASH;Hygiene Promotion;Hygiene Promotion;1411;141107;Poblacion;Finished;168;individuals
578;PRC Quirino Chapter;Relief;Food Items;Food Items (Standard);1481;148104;Poblacion;Finished;152;families
579;Spanish Red Cross - AECID;WASH;Hygiene Promotion;Hygiene Promotion;1411;141108;Poblacion;Finished;432;individuals
580;IFRC;Relief;Non-Food Items;Sleeping Kit (Blankets);1411;141108;Lomon;Finished;314;families
581;IFRC;Relief;Non-Food Items;Sleeping Kit (Plastic Mats);1411;141108;Lomon;Finished;314;families
582;IFRC;Relief;Non-Food Items;Sleeping Kit (Mosquito Nets);1411;141108;Lomon;Finished;314;families
583;IFRC;WASH;Non-Food Items;Hygiene Kit;1411;141108;Lomon;Finished;314;families
584;IFRC;WASH;Non-Food Items;Jerry Cans;1411;141108;Lomon;Finished;314;families
585;IFRC;Relief;Non-Food Items;Tarpaulins;1411;141108;Lomon;Finished;314;families
586;PRC;Health;PSS;PSP;1411;141108;Lomon;Finished;116;individuals
587;Spanish Red Cross - AECID;WASH;Hygiene Promotion;Hygiene Promotion;1411;141108;Lomon;Finished;412;individuals
588;Spanish Red Cross - AECID;WASH;Hygiene Promotion;Hygiene Promotion;1411;141108;Poblacion;Finished;412;individuals
589;PRC;Relief;Non-Food Items;Sleeping Kit (Plastic Mats);1427;142703;Tuplac;Finished;5;families
590;PRC;Relief;Non-Food Items;Sleeping Kit (Blankets);1427;142703;Tuplac;Finished;15;families
591;Spanish Red Cross;Relief;Cash;Multi-Purpose Cash Grant (PHP3,500);1427;142703;Bolog;Finished;1;families
592;Spanish Red Cross - AECID;Relief;Food Items;Food Items (Standard);1411;141109;Poblacion;Finished;110;families
593;Spanish Red Cross - AECID;WASH;Hygiene Promotion;Hygiene Promotion;1411;141110;Wangal;Finished;40;individuals
594;Spanish Red Cross - AECID;WASH;Hygiene Promotion;Hygiene Promotion;1411;141110;;Finished;51;individuals
595;IFRC;Health;PSS;PSP;1411;141110;Alapang;Finished;127;individuals
596;Spanish Red Cross-AECID;Health;PSS;PSP;1411;141110;Wangal;Finished;40;individuals
597;PRC;Assessment;Assessment;RDANA;1411;141110;;Finished;1;area
598;PRC;Assessment;Assessment;RDANA;1401;140110;;Finished;1;area
599;ICRC;Shelter;Shelter Tool Kits;Tarpaulins;1401;140110;;Finished;3;families
600;ICRC;Shelter;Shelter Tool Kits;Shelter Tool Kits;1401;140110;;Finished;3;families
601;Spanish Red Cross;Relief;Cash;Multi-Purpose Cash Grant (PHP3,500);1427;142704;Poblacion. North;Finished;1;families
602;ICRC;Shelter;Shelter Tool Kits;Tarpaulins;1401;140111;;Finished;2;families
603;ICRC;Shelter;Shelter Tool Kits;Shelter Tool Kits;1401;140111;;Finished;2;families
604;PRC;Assessment;Assessment;RDANA;215;21516;;Finished;1;area
605;IFRC;Relief;Cash;Multi-Purpose Cash Grant (PHP3,500);215;21516;Agabao;Finished;8;families
606;IFRC;Relief;Cash;Multi-Purpose Cash Grant (PHP3,500);215;21516;Bical;Finished;7;families
607;IFRC;Relief;Cash;Multi-Purpose Cash Grant (PHP3,500);215;21516;Bicud;Finished;7;families
608;IFRC;Relief;Cash;Multi-Purpose Cash Grant (PHP3,500);215;21516;Binag;Finished;13;families
609;IFRC;Relief;Cash;Multi-Purpose Cash Grant (PHP3,500);215;21516;Cabayabasan;Finished;7;families
610;IFRC;Relief;Cash;Multi-Purpose Cash Grant (PHP3,500);215;21516;Cagoran;Finished;21;families
611;IFRC;Relief;Cash;Multi-Purpose Cash Grant (PHP3,500);215;21516;Cambong;Finished;23;families
612;IFRC;Relief;Cash;Multi-Purpose Cash Grant (PHP3,500);215;21516;Dagupan;Finished;22;families
613;IFRC;Relief;Cash;Multi-Purpose Cash Grant (PHP3,500);215;21516;Dalaya;Finished;30;families
614;IFRC;Relief;Cash;Multi-Purpose Cash Grant (PHP3,500);215;21516;Fabrica;Finished;26;families
615;IFRC;Relief;Cash;Multi-Purpose Cash Grant (PHP3,500);215;21516;Fusina;Finished;8;families
616;IFRC;Relief;Cash;Multi-Purpose Cash Grant (PHP3,500);215;21516;Magalungon;Finished;27;families
617;IFRC;Relief;Cash;Multi-Purpose Cash Grant (PHP3,500);215;21516;Malanao;Finished;25;families
618;IFRC;Relief;Cash;Multi-Purpose Cash Grant (PHP3,500);215;21516;Maxingal;Finished;1;families
619;IFRC;Relief;Cash;Multi-Purpose Cash Grant (PHP3,500);215;21516;Paranum;Finished;12;families
620;IFRC;Relief;Cash;Multi-Purpose Cash Grant (PHP3,500);215;21516;Rosario;Finished;15;families
621;IFRC;Relief;Cash;Multi-Purpose Cash Grant (PHP3,500);215;21516;San Antonio;Finished;9;families
622;IFRC;Relief;Cash;Multi-Purpose Cash Grant (PHP3,500);215;21516;San Juan;Finished;7;families
623;IFRC;Relief;Cash;Multi-Purpose Cash Grant (PHP3,500);215;21516;San Mariano;Finished;50;families
624;PRC;Assessment;Assessment;RDANA;1427;142705;;Finished;1;area
625;PRC;Relief;Ready-to-Eat;Hot Meals;128;12812;Coaoacan;Finished;84;individuals
626;PRC;Health;PSS;PSP;128;12812;Coaoacan;Finished;84;individuals
627;PRC;Assessment;Assessment;RDANA;128;12812;;Finished;1;area
628;ICRC;Shelter;Shelter Tool Kits;Tarpaulins;1401;140108;;Finished;22;families
629;ICRC;Shelter;Shelter Tool Kits;Shelter Tool Kits;1401;140108;;Finished;22;families
630;PRC;Relief;Ready-to-Eat;Biscuits;369;36907;San Roque;Finished;210;individuals
631;PRC;Relief;Ready-to-Eat;Biscuits;369;36907;San Roque;Finished;117;individuals
632;PRC;Relief;Ready-to-Eat;Bread;369;36907;San Roque;Finished;210;individuals
633;PRC;Relief;Ready-to-Eat;Bread;369;36907;San Roque;Finished;117;individuals
635;PRC;Assessment;Assessment;RDANA;215;21517;;Finished;1;area
636;PRC;WASH;Hygiene Promotion;Hygiene Promotion;215;21517;Aggunetan;Finished;207;individuals
637;PRC;Health;Health;First Aid Station;215;21517;Aggunetan;Finished;1;area
638;ICRC;Shelter;Shelter Tool Kits;Tarpaulins;215;21517;Aggunetan;Finished;207;Families
639;ICRC;Shelter;Shelter Tool Kits;Shelter Tool Kits;215;21517;Aggunetan;Finished;207;Families
640;PRC;Health;PSS;Welfare Desk;215;21517;Aggunetan;Finished;;
641;IFRC;Relief;Cash;Multi-Purpose Cash Grant (PHP3,500);215;21517;Agunetan;Finished;20;families
642;IFRC;Relief;Cash;Multi-Purpose Cash Grant (PHP3,500);215;21517;Allanay;Finished;21;families
643;IFRC;Relief;Cash;Multi-Purpose Cash Grant (PHP3,500);215;21517;Batalan;Finished;14;families
644;IFRC;Relief;Cash;Multi-Purpose Cash Grant (PHP3,500);215;21517;Cabatacan;Finished;10;families
645;IFRC;Relief;Cash;Multi-Purpose Cash Grant (PHP3,500);215;21517;Calapangan Norte;Finished;9;families
646;IFRC;Relief;Cash;Multi-Purpose Cash Grant (PHP3,500);215;21517;Callao Norte;Finished;10;families
647;IFRC;Relief;Cash;Multi-Purpose Cash Grant (PHP3,500);215;21517;Callao Sur;Finished;1;families
648;IFRC;Relief;Cash;Multi-Purpose Cash Grant (PHP3,500);215;21517;Centro 1;Finished;9;families
649;IFRC;Relief;Cash;Multi-Purpose Cash Grant (PHP3,500);215;21517;Centro 2;Finished;8;families
650;IFRC;Relief;Cash;Multi-Purpose Cash Grant (PHP3,500);215;21517;Centro 3;Finished;6;families
651;IFRC;Relief;Cash;Multi-Purpose Cash Grant (PHP3,500);215;21517;Finugo Norte;Finished;5;families
652;IFRC;Relief;Cash;Multi-Purpose Cash Grant (PHP3,500);215;21517;Gabun;Finished;15;families
653;IFRC;Relief;Cash;Multi-Purpose Cash Grant (PHP3,500);215;21517;Ignacio Jorado;Finished;14;families
654;IFRC;Relief;Cash;Multi-Purpose Cash Grant (PHP3,500);215;21517;Magsaysay;Finished;21;families
655;IFRC;Relief;Cash;Multi-Purpose Cash Grant (PHP3,500);215;21517;Minanga Norte;Finished;5;families
656;IFRC;Relief;Cash;Multi-Purpose Cash Grant (PHP3,500);215;21517;Minanga Sur;Finished;11;families
657;IFRC;Relief;Cash;Multi-Purpose Cash Grant (PHP3,500);215;21517;Nabannagan East;Finished;4;families
658;IFRC;Relief;Cash;Multi-Purpose Cash Grant (PHP3,500);215;21517;Nabannagan West;Finished;23;families
659;IFRC;Relief;Cash;Multi-Purpose Cash Grant (PHP3,500);215;21517;New Orlins;Finished;7;families
660;IFRC;Relief;Cash;Multi-Purpose Cash Grant (PHP3,500);215;21517;Nicolas Agatep;Finished;15;families
661;IFRC;Relief;Cash;Multi-Purpose Cash Grant (PHP3,500);215;21517;San Pedro;Finished;24;families
662;IFRC;Relief;Cash;Multi-Purpose Cash Grant (PHP3,500);215;21517;Sicalao;Finished;13;families
663;IFRC;Relief;Cash;Multi-Purpose Cash Grant (PHP3,500);215;21517;Tagao;Finished;13;families
664;IFRC;Relief;Cash;Multi-Purpose Cash Grant (PHP3,500);215;21517;Tucalao Passing;Finished;13;families
665;PRC;Relief;Ready-to-Eat;Hot Meals;308;30806;;Finished;202;individuals
666;PRC;Relief;Ready-to-Eat;Hot Meals;308;30806;;Finished;40;individuals
667;PRC;Relief;Ready-to-Eat;Hot Meals;308;30806;;Finished;101;individuals
668;PRC;Relief;Ready-to-Eat;Hot Meals;308;30806;;Finished;17;individuals
669;PRC;Relief;Ready-to-Eat;Hot Meals;308;30806;;Finished;40;individuals
670;PRC;Relief;Ready-to-Eat;Hot Meals;308;30806;;Finished;101;individuals
671;ICRC;Shelter;Shelter Tool Kits;Tarpaulins;1401;140114;;Finished;2;families
672;ICRC;Shelter;Shelter Tool Kits;Shelter Tool Kits;1401;140114;;Finished;2;families
673;PRC;Relief;Ready-to-Eat;Hot Meals;1481;148105;San Isidro;Finished;172;individuals
674;PRC;Health;Health;First Aid Station;1481;148105;Poblacion;Finished;1;area
675;PRC;Health;PSS;Welfare Desk;1481;148105;San Isidro Sur;Finished;;
676;PRC;Relief;Ready-to-Eat;Hot Meals;1481;148105;Poblacion;Finished;150;individuals
677;PRC;Assessment;Assessment;RDANA;1481;148105;;Finished;1;area
678;PRC;Relief;Food Items;Food Items (Standard);1481;148105;Quirino;Finished;7;families
679;PRC;Relief;Food Items;Food Items (Standard);1481;148105;San IsidroNorte;Finished;3;families
680;PRC;Relief;Food Items;Food Items (Standard);1481;148105;Marag;Finished;15;families
681;Australian DFAT;Relief;Non-Food Items;Sleeping Kit (Blankets);1481;148105;;Finished;83;families
682;Australian DFAT;Relief;Non-Food Items;Sleeping Kit (Plastic Mats);1481;148105;;Finished;83;families
683;Australian DFAT;Relief;Non-Food Items;Sleeping Kit (Mosquito Nets);1481;148105;;Finished;83;families
684;Australian DFAT;WASH;Non-Food Items;Hygiene Kit;1481;148105;;Finished;83;families
685;Australian DFAT;WASH;Non-Food Items;Jerry Cans;1481;148105;;Finished;83;families
686;Australian DFAT;Relief;Non-Food Items;Tarpaulins;1481;148105;;Finished;83;families
687;Spanish Red Cross;Relief;Cash;Multi-Purpose Cash Grant (PHP3,500);1481;148105;Bacsay;Finished;16;families
688;Spanish Red Cross;Relief;Cash;Multi-Purpose Cash Grant (PHP3,500);1481;148105;Cagandungan;Finished;3;families
689;Spanish Red Cross;Relief;Cash;Multi-Purpose Cash Grant (PHP3,500);1481;148105;Calabigan;Finished;5;families
690;Spanish Red Cross;Relief;Cash;Multi-Purpose Cash Grant (PHP3,500);1481;148105;Capagaypayan;Finished;2;families
691;Spanish Red Cross;Relief;Cash;Multi-Purpose Cash Grant (PHP3,500);1481;148105;Consuelo Santa Marcela;Finished;1;families
692;Spanish Red Cross;Relief;Cash;Multi-Purpose Cash Grant (PHP3,500);1481;148105;Dagupan;Finished;10;families
693;Spanish Red Cross;Relief;Cash;Multi-Purpose Cash Grant (PHP3,500);1481;148105;Lappa;Finished;19;families
694;Spanish Red Cross;Relief;Cash;Multi-Purpose Cash Grant (PHP3,500);1481;148105;Luyon;Finished;3;families
695;Spanish Red Cross;Relief;Cash;Multi-Purpose Cash Grant (PHP3,500);1481;148105;Marag;Finished;15;families
696;Spanish Red Cross;Relief;Cash;Multi-Purpose Cash Grant (PHP3,500);1481;148105;Poblacion;Finished;2;families
697;Spanish Red Cross;Relief;Cash;Multi-Purpose Cash Grant (PHP3,500);1481;148105;Quirino;Finished;9;families
698;Spanish Red Cross;Relief;Cash;Multi-Purpose Cash Grant (PHP3,500);1481;148105;Salvacion;Finished;4;families
699;Spanish Red Cross;Relief;Cash;Multi-Purpose Cash Grant (PHP3,500);1481;148105;San Francisco;Finished;4;families
700;Spanish Red Cross;Relief;Cash;Multi-Purpose Cash Grant (PHP3,500);1481;148105;San Isidro;Finished;4;families
701;Spanish Red Cross;Relief;Cash;Multi-Purpose Cash Grant (PHP3,500);1481;148105;San Isidro Norte;Finished;5;families
702;Spanish Red Cross;Relief;Cash;Multi-Purpose Cash Grant (PHP3,500);1481;148105;San Isidro Sur;Finished;5;families
703;Spanish Red Cross;Relief;Cash;Multi-Purpose Cash Grant (PHP3,500);1481;148105;San Jose;Finished;5;families
704;Spanish Red Cross;Relief;Cash;Multi-Purpose Cash Grant (PHP3,500);1481;148105;Santa Lina;Finished;12;families
705;Spanish Red Cross;Relief;Cash;Multi-Purpose Cash Grant (PHP3,500);1481;148105;Santa Marcela;Finished;1;families
706;Spanish Red Cross;Relief;Cash;Multi-Purpose Cash Grant (PHP3,500);1481;148105;Tumog;Finished;6;families
707;Spanish Red Cross;Relief;Cash;Multi-Purpose Cash Grant (PHP3,500);1481;148105;Turod;Finished;13;families
708;Spanish Red Cross;Relief;Cash;Multi-Purpose Cash Grant (PHP3,500);1481;148105;Zumigui;Finished;14;families
709;PRC;Health;Health;First Aid;133;13310;Darigayos;Finished;2;individuals
710;PRC;Relief;Ready-to-Eat;Hot Meals;133;13310;Darigayos;Finished;208;individuals
711;PRC;Health;PSS;Welfare Desk;133;13310;Darigayos;Finished;;
712;PRC;Health;PSS;PSP;133;13310;Darigayos;Finished;208;individuals
713;PRC;Assessment;Assessment;RDANA;133;13310;;Finished;1;area
714;PRC;Relief;Ready-to-Eat;Hot Meals;129;12912;Santa Monica;Finished;20;individuals
715;PRC;Relief;Ready-to-Eat;Hot Meals;129;12912;San Clemente;Finished;39;individuals
716;PRC;Assessment;Assessment;RDANA;129;12912;;Finished;1;area
717;ICRC;Shelter;Shelter Tool Kits;Tarpaulins;1401;140116;;Finished;9;families
718;ICRC;Shelter;Shelter Tool Kits;Shelter Tool Kits;1401;140116;;Finished;9;families
719;PRC;Assessment;Assessment;RDANA;128;12813;;Finished;1;area
720;Spanish Red Cross;Relief;Cash;Multi-Purpose Cash Grant (PHP3,500);1427;142706;Ayangan;Finished;1;families
721;Spanish Red Cross;Relief;Cash;Multi-Purpose Cash Grant (PHP3,500);1427;142706;Bato-alatbang;Finished;1;families
722;PRC;Relief;Ready-to-Eat;Biscuits;369;36909;Calapan;Finished;55;individuals
723;PRC;Relief;Ready-to-Eat;Biscuits;369;36909;Sta Lucia East;Finished;229;individuals
724;PRC;Health;PSS;PSP;369;36909;Banaoang East;Finished;10;individuals
725;PRC;Health;PSS;PSP;369;36909;Banaoang West;Finished;2;individuals
726;PRC;Health;PSS;PSP;369;36909;Sta. Lucia Wes;Finished;25;individuals
727;PRC;Health;PSS;PSP;369;36909;Baquero Norte;Finished;13;individuals
728;PRC;Health;PSS;PSP;369;36909;Sta. Lucia East;Finished;14;individuals
729;PRC;Health;PSS;PSP;369;36909;Calapan;Finished;5;individuals
730;PRC;Relief;Ready-to-Eat;Biscuits;369;36909;Sta. Lucia West;Finished;678;individuals
731;PRC;Relief;Ready-to-Eat;Biscuits;369;36909;Banaoang East;Finished;90;individuals
732;PRC;Relief;Ready-to-Eat;Biscuits;369;36909;Banaoang West;Finished;126;individuals
733;PRC;Relief;Ready-to-Eat;Biscuits;369;36909;Baquero Norte;Finished;90;individuals
734;PRC;Relief;Ready-to-Eat;Biscuits;369;36909;Baquero Sur;Finished;231;individuals
735;PRC;Relief;Ready-to-Eat;Biscuits;369;36909;Poblacion;Finished;117;individuals
736;PRC;Relief;Ready-to-Eat;Bread;369;36909;Sta Lucia East;Finished;229;individuals
737;PRC;Relief;Ready-to-Eat;Bread;369;36909;Sta. Lucia West;Finished;678;individuals
738;PRC;Relief;Ready-to-Eat;Bread;369;36909;Banaoang East;Finished;90;individuals
739;PRC;Relief;Ready-to-Eat;Bread;369;36909;Banaoang West;Finished;126;individuals
740;PRC;Relief;Ready-to-Eat;Bread;369;36909;Baquero Norte;Finished;90;individuals
741;PRC;Relief;Ready-to-Eat;Bread;369;36909;Baquero Sur;Finished;184;individuals
742;PRC;Relief;Ready-to-Eat;Bread;369;36909;Poblacion;Finished;29;individuals
743;PRC;Assessment;Assessment;RDANA;129;12914;;Finished;1;area
744;PRC;Relief;Food Items;Food Items (Standard);1444;144405;Sta. Isabel;finished;24;families
745;PRC;Relief;Food Items;Food Items (Standard);1444;144405;Tonglayan;finished;5;families
746;PRC;WASH;Non-Food Items;Hygiene Kit;1444;144405;Ap-Apawan;finished;22;individuals
747;Spanish Red Cross;WASH;Hygiene Promotion;Hygiene Promotion;1444;144405;Ap-Apawan;finished;22;individuals
748;PRC;Assessment;Assessment;RDANA;128;12814;;Finished;1;area
749;PRC;Relief;Ready-to-Eat;Bread;517;51725;Old Moriones;Finished;47;individuals
750;PRC;Relief;Water;Bottled Water;517;51725;Old Moriones;Finished;47;individuals
751;PRC;Relief;Ready-to-Eat;Biscuits;371;37108;Garreta;Finished;60;individuals
752;PRC;Relief;Ready-to-Eat;Biscuits;371;37108;Garreta;Finished;47;individuals
753;PRC;Relief;Ready-to-Eat;Biscuits;371;37108;Libaba;Finished;41;individuals
754;PRC;Relief;Ready-to-Eat;Biscuits;371;37108;San Juan;Finished;20;individuals
755;PRC;Relief;Ready-to-Eat;Biscuits;371;37108;East Poblacion;Finished;4;individuals
756;PRC;Health;Referral;Welfare Referral;215;21518;Tupanna;Finished;15;individuals
757;PRC;Health;Referral;Welfare Referral;215;21518;Nagtupacan;Finished;10;individuals
758;Team A KAM, QC;Relief;Food Items;Food Items (Assorted);215;21518;Tupanna;Finished;198;families
759;Team A KAM, QC;Relief;Food Items;Food Items (Assorted);215;21518;Nagtupacan;Finished;234;families
760;PRC;Health;PSS;PSP;215;21518;Tupana;Finished;198;individuals
761;PRC;Health;PSS;PSP;215;21518;Nagtupacan;Finished;234;individuals
762;PRC;Assessment;Assessment;RDANA;215;21518;;Finished;1;area
763;PRC;Health;Health;First Aid Station;215;21518;Tupanna;Finished;1;area
764;PRC;Health;PSS;Welfare Desk;215;21518;Tupanna;Finished;;
765;PRC;Health;PSS;Welfare Desk;215;21518;Nagtupacan;Finished;;
766;PRC;Health;PSS;PSP;369;36910;Salumague;Finished;10;individuals
767;PRC;Health;PSS;PSP;369;36910;San Isidro;Finished;8;individuals
768;PRC;Relief;Ready-to-Eat;Biscuits;369;36910;Salumague;Finished;847;individuals
769;PRC;Relief;Ready-to-Eat;Biscuits;369;36910;Alupid;Finished;272;individuals
770;PRC;Relief;Ready-to-Eat;Biscuits;369;36910;San Isidro;Finished;117;individuals
771;PRC;Relief;Ready-to-Eat;Bread;369;36910;Salumague;Finished;847;individuals
772;PRC;Relief;Ready-to-Eat;Bread;369;36910;Alupid;Finished;272;individuals
773;PRC;Relief;Ready-to-Eat;Bread;369;36910;San Isidro;Finished;519;individuals
774;PRC;Assessment;Assessment;RDANA;128;12816;;Finished;1;area
775;PRC;Relief;Food Items;Food Items (Standard);1444;144406;Bacarri;finished;27;families
776;PRC;Assessment;Assessment;RDANA;1444;144406;;Finished;1;area
777;PRC;Assessment;Assessment;RDANA;128;12817;;Finished;1;area
778;PRC;Assessment;Assessment;RDANA;1432;143208;;Finished;1;area
779;Australian DFAT;Relief;Non-Food Items;Sleeping Kit (Blankets);1432;143208;;Finished;82;families
780;Australian DFAT;Relief;Non-Food Items;Sleeping Kit (Plastic Mats);1432;143208;;Finished;82;families
781;Australian DFAT;Relief;Non-Food Items;Sleeping Kit (Mosquito Nets);1432;143208;;Finished;82;families
782;Australian DFAT;WASH;Non-Food Items;Hygiene Kit;1432;143208;;Finished;82;families
783;Australian DFAT;WASH;Non-Food Items;Jerry Cans;1432;143208;;Finished;82;families
784;Australian DFAT;Relief;Non-Food Items;Tarpaulins;1432;143208;;Finished;82;families
785;IFRC;Relief;Non-Food Items;Sleeping Kit (Blankets);215;21519;Nanguilattan;Finished;41;families
786;IFRC;Relief;Non-Food Items;Sleeping Kit (Plastic Mats);215;21519;Nanguilattan;Finished;41;families
787;IFRC;Relief;Non-Food Items;Sleeping Kit (Mosquito Nets);215;21519;Nanguilattan;Finished;41;families
788;IFRC;WASH;Non-Food Items;Hygiene Kit;215;21519;Nanguilattan;Finished;41;families
789;IFRC;WASH;Non-Food Items;Jerry Cans;215;21519;Nanguilattan;Finished;41;families
790;IFRC;Relief;Non-Food Items;Tarpaulins;215;21519;Nanguilattan;Finished;41;families
791;PRC;Assessment;Assessment;RDANA;215;21519;;Finished;1;area
792;ICRC;Shelter;Shelter Tool Kits;Tarpaulins;1401;140117;;Finished;3;families
793;ICRC;Shelter;Shelter Tool Kits;Shelter Tool Kits;1401;140117;;Finished;3;families
794;ICRC;Shelter;Shelter Tool Kits;Tarpaulins;1401;140118;;Finished;7;families
795;ICRC;Shelter;Shelter Tool Kits;Shelter Tool Kits;1401;140118;;Finished;7;families
796;PRC;Assessment;Assessment;RDANA;1401;140119;;Finished;1;area
797;ICRC;Shelter;Shelter Tool Kits;Tarpaulins;1401;140119;;Finished;12;families
798;ICRC;Shelter;Shelter Tool Kits;Shelter Tool Kits;1401;140119;;Finished;12;families
799;PRC;Assessment;Assessment;RDANA;128;12819;;Finished;1;area
800;PRC;Assessment;Assessment;RDANA;1432;143209;;Finished;1;area
801;PRC;Relief;Ready-to-Eat;Hot Meals;1432;143209;Socbot;Finished;148;individuals
802;PRC;Health;PSS;PSP;1432;143209;Socbot;Finished;72;individuals
803;PRC;Relief;Ready-to-Eat;Hot Meals;1339;133913;Baseco;Finished;427;individuals
804;PRC;Relief;Ready-to-Eat;Hot Meals;1481;148106;Cabatacan;Finished;211;individuals
805;PRC;Assessment;Assessment;RDANA;1481;148106;;Finished;1;area
806;Australian DFAT;Relief;Non-Food Items;Sleeping Kit (Blankets);1481;148106;;Finished;203;families
807;Australian DFAT;Relief;Non-Food Items;Sleeping Kit (Plastic Mats);1481;148106;;Finished;203;families
808;Australian DFAT;Relief;Non-Food Items;Sleeping Kit (Mosquito Nets);1481;148106;;Finished;203;families
809;Australian DFAT;WASH;Non-Food Items;Hygiene Kit;1481;148106;;Finished;203;families
810;Australian DFAT;WASH;Non-Food Items;Jerry Cans;1481;148106;;Finished;203;families
811;Australian DFAT;Relief;Non-Food Items;Tarpaulins;1481;148106;;Finished;203;families
812;PRC;Relief;Food Items;Food Items (Standard);1481;148106;San Jose;Finished;93;families
813;PRC;Relief;Food Items;Food Items (Standard);1481;148106;Barocboc;Finished;52;families
814;Spanish Red Cross;Relief;Cash;Multi-Purpose Cash Grant (PHP3,500);1481;148106;Aga;Finished;8;families
815;Spanish Red Cross;Relief;Cash;Multi-Purpose Cash Grant (PHP3,500);1481;148106;Alem;Finished;6;families
816;Spanish Red Cross;Relief;Cash;Multi-Purpose Cash Grant (PHP3,500);1481;148106;Amado;Finished;7;families
817;Spanish Red Cross;Relief;Cash;Multi-Purpose Cash Grant (PHP3,500);1481;148106;Aurora;Finished;21;families
818;Spanish Red Cross;Relief;Cash;Multi-Purpose Cash Grant (PHP3,500);1481;148106;Cabatacan;Finished;11;families
819;Spanish Red Cross;Relief;Cash;Multi-Purpose Cash Grant (PHP3,500);1481;148106;Capannikian;Finished;18;families
820;Spanish Red Cross;Relief;Cash;Multi-Purpose Cash Grant (PHP3,500);1481;148106;Doa Loreta;Finished;9;families
821;Spanish Red Cross;Relief;Cash;Multi-Purpose Cash Grant (PHP3,500);1481;148106;Emilia;Finished;8;families
822;Spanish Red Cross;Relief;Cash;Multi-Purpose Cash Grant (PHP3,500);1481;148106;Imelda;Finished;8;families
823;Spanish Red Cross;Relief;Cash;Multi-Purpose Cash Grant (PHP3,500);1481;148106;Lower Maton;Finished;7;families
824;Spanish Red Cross;Relief;Cash;Multi-Purpose Cash Grant (PHP3,500);1481;148106;Lt. Bilag;Finished;6;families
825;Spanish Red Cross;Relief;Cash;Multi-Purpose Cash Grant (PHP3,500);1481;148106;Lydia;Finished;7;families
826;Spanish Red Cross;Relief;Cash;Multi-Purpose Cash Grant (PHP3,500);1481;148106;Malibang;Finished;7;families
827;Spanish Red Cross;Relief;Cash;Multi-Purpose Cash Grant (PHP3,500);1481;148106;Mataguisi;Finished;17;families
828;Spanish Red Cross;Relief;Cash;Multi-Purpose Cash Grant (PHP3,500);1481;148106;Poblacion;Finished;3;families
829;Spanish Red Cross;Relief;Cash;Multi-Purpose Cash Grant (PHP3,500);1481;148106;San Antonio (Pugo);Finished;2;families
830;Spanish Red Cross;Relief;Cash;Multi-Purpose Cash Grant (PHP3,500);1481;148106;San Jose;Finished;9;families
831;Spanish Red Cross;Relief;Cash;Multi-Purpose Cash Grant (PHP3,500);1481;148106;San Luis;Finished;4;families
832;Spanish Red Cross;Relief;Cash;Multi-Purpose Cash Grant (PHP3,500);1481;148106;San Mariano;Finished;9;families
833;Spanish Red Cross;Relief;Cash;Multi-Purpose Cash Grant (PHP3,500);1481;148106;Swan;Finished;14;families
834;Spanish Red Cross;Relief;Cash;Multi-Purpose Cash Grant (PHP3,500);1481;148106;Upper Maton;Finished;6;families
835;PRC;Relief;Ready-to-Eat;Biscuits;1374;137404;Tatalon;Finished;215;individuals
836;PRC;Relief;Ready-to-Eat;Biscuits;1374;137404;Roxas;Finished;154;individuals
837;PRC;Relief;Ready-to-Eat;Biscuits;1374;137404;Dona Imelda;Finished;236;individuals
838;PRC;Relief;Ready-to-Eat;Biscuits;1374;137404;Bagong Silangan;Finished;260;individuals
839;PRC;Relief;Ready-to-Eat;Biscuits;1374;137404;Masambong;Finished;40;individuals
840;PRC;Relief;Ready-to-Eat;Biscuits;1374;137404;Sta. Lucia;Finished;260;individuals
841;PRC;Relief;Ready-to-Eat;Biscuits;1374;137404;Apolonio Samson;Finished;363;individuals
842;PRC;Relief;Ready-to-Eat;Biscuits;1374;137404;Maresa;Finished;32;individuals
843;PRC;Health;Health;First Aid;1374;137404;Dona Imelda;Finished;3;individuals
844;PRC;Health;Health;First Aid;1374;137404;Bagong Silangan;Finished;1;individuals
845;PRC;Health;Health;Blood Pressure;1374;137404;Dona Imelda;Finished;22;individuals
846;PRC;Health;Health;Blood Pressure;1374;137404;Bagong Silangan;Finished;49;individuals
847;PRC;Relief;Ready-to-Eat;Biscuits;369;36912;Poblacion South;Finished;72;individuals
848;PRC;Relief;Ready-to-Eat;Bread;369;36912;Poblacion South;Finished;72;individuals
849;Australian DFAT;Relief;Non-Food Items;Sleeping Kit (Blankets);1432;143211;;Finished;495;families
850;Australian DFAT;Relief;Non-Food Items;Sleeping Kit (Plastic Mats);1432;143211;;Finished;495;families
851;Australian DFAT;Relief;Non-Food Items;Sleeping Kit (Mosquito Nets);1432;143211;;Finished;495;families
852;Australian DFAT;WASH;Non-Food Items;Hygiene Kit;1432;143211;;Finished;495;families
853;Australian DFAT;WASH;Non-Food Items;Jerry Cans;1432;143211;;Finished;495;families
854;Australian DFAT;Relief;Non-Food Items;Tarpaulins;1432;143211;;Finished;495;families
855;PRC;Assessment;Assessment;RDANA;1432;143211;;Finished;1;area
856;PRC;Relief;Ready-to-Eat;Hot Meals;458;45808;San Jose;Finished;500;individuals
857;PRC;Relief;Ready-to-Eat;Hot Meals;458;45808;Burgos;Finished;311;individuals
858;PRC;Relief;Ready-to-Eat;Hot Meals;458;45808;Manggahan;Finished;222;individuals
859;PRC;WASH;Non-Food Items;Hygiene Kit (assorted);1444;144407;Banguitan;Finished;16;individuals
860;Spanish Red Cross;Relief;Hot Meals;Hot Meals;1444;144407;Osong;Finished;80;individuals
861;PRC;WASH;Non-Food Items;Hygiene Kit (assorted);1444;144408;Poblacion;finished;15;individuals
862;PRC;Assessment;Assessment;RDANA;1444;144409;;Finished;1;area
863;ICRC;Shelter;Shelter Tool Kits;Tarpaulins;1401;140120;;Finished;3;families
864;ICRC;Shelter;Shelter Tool Kits;Shelter Tool Kits;1401;140120;;Finished;3;families
865;PRC;SRR;Rescue;Rescued/Assisted;155;15533;Sagud Baley;Finished;43;individuals
866;PRC;Assessment;Assessment;RDANA;133;13315;;Finished;1;area
867;PRC;Assessment;Assessment;RDANA;1401;140121;;Finished;1;area
868;ICRC;Shelter;Shelter Tool Kits;Tarpaulins;1401;140122;;Finished;5;families
869;ICRC;Shelter;Shelter Tool Kits;Shelter Tool Kits;1401;140122;;Finished;5;families
870;PRC;Health;PSS;Welfare Desk;133;13316;;Finished;;
871;PRC;Relief;Ready-to-Eat;Hot Meals;133;13316;;Finished;219;individuals
872;PRC;Health;PSS;PSP;133;13316;Centro;Finished;219;individuals
873;PRC;Assessment;Assessment;RDANA;133;13316;;Finished;1;area
874;PRC;Relief;Food Items;Food Items (Standard);133;13316;Nagsabaran;Finished;1;families
875;PRC;Relief;Ready-to-Eat;Hot Meals;231;23133;Simanu Sur;Finished;136;individuals
876;PRC;Assessment;Assessment;RDANA;231;23133;;Finished;1;area
877;PRC;Relief;Ready-to-Eat;Hot Meals;231;23133;Simanu Sur;Finished;197;individuals
878;ICRC;Shelter;Shelter Tool Kits;Tarpaulins;1401;140123;;Finished;4;families
879;ICRC;Shelter;Shelter Tool Kits;Shelter Tool Kits;1401;140123;;Finished;4;families
880;PRC;Assessment;Assessment;RDANA;215;21522;;Finished;1;area
881;PRC;Assessment;Assessment;RDANA;129;12922;;Finished;1;area
882;PRC;Assessment;Assessment;RDANA;215;21523;;Finished;1;area
883;PRC;Relief;Ready-to-Eat;Biscuits;371;37113;Pamonooran;Finished;25;individuals
884;PRC;Relief;Ready-to-Eat;Biscuits;371;37113;Longos;Finished;225;individuals
885;PRC;Relief;Ready-to-Eat;Biscuits;371;37113;Canaynayan;Finished;83;individuals
886;PRC;Relief;Ready-to-Eat;Biscuits;371;37113;Poblacion South;Finished;30;individuals
887;PRC;Assessment;Assessment;RDANA;231;23134;;Finished;1;area
888;PRC;Relief;Ready-to-Eat;Biscuits;231;23134;San Antonio;Finished;338;individuals
889;PRC;Relief;Ready-to-Eat;Hot Meals;231;23134;San Antonio;Finished;338;individuals
890;PRC;Relief;Ready-to-Eat;Biscuits;231;23134;San Rafael;Finished;199;individuals
891;PRC;Relief;Ready-to-Eat;Hot Meals;231;23134;San Rafael;Finished;199;individuals
892;PRC;Assessment;Assessment;RDANA;215;21524;;Finished;1;area
893;PRC;WASH;Hygiene Promotion;Hygiene Promotion;215;21525;Centro;Finished;500;individuals
894;PRC;WASH;Hygiene Promotion;Hygiene Promotion;215;21525;Villa;Finished;200;individuals
895;PRC;WASH;Hygiene Promotion;Hygiene Promotion;215;21525;Mission;Finished;500;individuals
896;PRC;WASH;Hygiene Promotion;Hygiene Promotion;215;21525;Centro;Finished;500;individuals
897;PRC;Assessment;Assessment;RDANA;215;21525;;Finished;1;area
898;Spanish Red Cross - AECID;WASH;Water;Water;215;21525;Centro East and Centro West;Finished;12000;liters
899;Spanish Red Cross - AECID;WASH;Water;Water;215;21525;Centro East and Centro West;Finished;10000;liters
900;Spanish Red Cross - AECID;WASH;Water;Water;215;21525;Centro East and Centro West;Finished;5000;liters
901;Spanish Red Cross - AECID;WASH;Water;Water;215;21525;Villa;Finished;2000;liters
902;Spanish Red Cross - AECID;WASH;Water;Water;215;21525;Mission;Finished;4000;liters
903;Spanish Red Cross - AECID;WASH;Water;Water;215;21525;Centro;Finished;3000;liters
904;Spanish Red Cross - AECID;WASH;Water;Water;215;21525;Centro East and Centro West;Finished;5000;liters
905;PRC;Relief;Ready-to-Eat;Hot Meals;129;12928;Poblacion;Finished;135;individuals
906;PRC;Relief;Ready-to-Eat;Hot Meals;129;12928;Vacunero;Finished;17;individuals
907;PRC;Relief;Ready-to-Eat;Hot Meals;231;23136;;Finished;398;individuals
908;PRC;Assessment;Assessment;RDANA;129;12930;;Finished;1;area
910;PRC;Assessment;Assessment;RDANA;128;12822;;Finished;1;area
911;IFRC;Relief;Cash;Multi-Purpose Cash Grant (PHP3,500);231;23134;San Antonio;Finished;89;families
912;IFRC;Relief;Cash;Multi-Purpose Cash Grant (PHP3,500);231;23134;Naganacan;Finished;160;families
913;PRC;Assessment;Assessment;RDANA;1481;148107;;Finished;1;area
914;Australian DFAT;Relief;Non-Food Items;Sleeping Kit (Blankets);1481;148107;;Finished;81;families
915;Australian DFAT;Relief;Non-Food Items;Sleeping Kit (Plastic Mats);1481;148107;;Finished;81;families
916;Australian DFAT;Relief;Non-Food Items;Sleeping Kit (Mosquito Nets);1481;148107;;Finished;81;families
917;Australian DFAT;WASH;Non-Food Items;Hygiene Kit;1481;148107;;Finished;81;families
918;Australian DFAT;WASH;Non-Food Items;Jerry Cans;1481;148107;;Finished;81;families
919;Australian DFAT;Relief;Non-Food Items;Tarpaulins;1481;148107;;Finished;81;families
920;Spanish Red Cross;Relief;Cash;Multi-Purpose Cash Grant (PHP3,500);1481;148107;Abra Village;Finished;2;families
921;Spanish Red Cross;Relief;Cash;Multi-Purpose Cash Grant (PHP3,500);1481;148107;Barocboc;Finished;7;families
922;Spanish Red Cross;Relief;Cash;Multi-Purpose Cash Grant (PHP3,500);1481;148107;Bayog;Finished;2;families
923;Spanish Red Cross;Relief;Cash;Multi-Purpose Cash Grant (PHP3,500);1481;148107;Consuelo;Finished;8;families
924;Spanish Red Cross;Relief;Cash;Multi-Purpose Cash Grant (PHP3,500);1481;148107;Emiliana;Finished;4;families
925;Spanish Red Cross;Relief;Cash;Multi-Purpose Cash Grant (PHP3,500);1481;148107;Imelda (Sipa Annex);Finished;7;families
926;Spanish Red Cross;Relief;Cash;Multi-Purpose Cash Grant (PHP3,500);1481;148107;Malekkeg;Finished;5;families
927;Spanish Red Cross;Relief;Cash;Multi-Purpose Cash Grant (PHP3,500);1481;148107;Marcela (Poblacion);Finished;9;families
928;Spanish Red Cross;Relief;Cash;Multi-Purpose Cash Grant (PHP3,500);1481;148107;Nueva;Finished;6;families
929;Spanish Red Cross;Relief;Cash;Multi-Purpose Cash Grant (PHP3,500);1481;148107;Panay;Finished;8;families
930;Spanish Red Cross;Relief;Cash;Multi-Purpose Cash Grant (PHP3,500);1481;148107;San Antonio;Finished;3;families
931;Spanish Red Cross;Relief;Cash;Multi-Purpose Cash Grant (PHP3,500);1481;148107;San Carlos;Finished;15;families
932;Spanish Red Cross;Relief;Cash;Multi-Purpose Cash Grant (PHP3,500);1481;148107;San Juan;Finished;7;families
933;Spanish Red Cross;Relief;Cash;Multi-Purpose Cash Grant (PHP3,500);1481;148107;San Mariano;Finished;2;families
934;Spanish Red Cross;Relief;Cash;Multi-Purpose Cash Grant (PHP3,500);1481;148107;Sipa Proper;Finished;4;families
935;IFRC;Relief;Cash;Multi-Purpose Cash Grant (PHP3,500);231;23136;Canyongan;Finished;51;families
936;IFRC;Relief;Cash;Multi-Purpose Cash Grant (PHP3,500);231;23136;Calanigan Norte;Finished;37;families
937;IFRC;Relief;Cash;Multi-Purpose Cash Grant (PHP3,500);231;23136;Calanigan Sur;Finished;72;families
938;IFRC;Relief;Cash;Multi-Purpose Cash Grant (PHP3,500);231;23136;San Vicente;Finished;122;families
939;Australian DFAT;Relief;Non-Food Items;Sleeping Kit (Blankets);1432;143213;;Finished;446;families
940;Australian DFAT;Relief;Non-Food Items;Sleeping Kit (Plastic Mats);1432;143213;;Finished;446;families
941;Australian DFAT;Relief;Non-Food Items;Sleeping Kit (Mosquito Nets);1432;143213;;Finished;446;families
942;Australian DFAT;WASH;Non-Food Items;Hygiene Kit;1432;143213;;Finished;446;families
943;Australian DFAT;WASH;Non-Food Items;Jerry Cans;1432;143213;;Finished;446;families
944;Australian DFAT;Relief;Non-Food Items;Tarpaulins;1432;143213;;Finished;446;families
945;IFRC;Relief;Cash;Multi-Purpose Cash Grant (PHP3,500);1432;143213;Cudal;Finished;304;families
946;IFRC;Relief;Cash;Multi-Purpose Cash Grant (PHP3,500);1432;143213;Laya West;Finished;105;families
947;IFRC;Relief;Cash;Multi-Purpose Cash Grant (PHP3,500);1432;143213;malin-awa;Finished;161;families
948;ICRC;Shelter;Shelter Tool Kits;Tarpaulins;1401;140124;;Finished;4;families
949;ICRC;Shelter;Shelter Tool Kits;Shelter Tool Kits;1401;140124;;Finished;4;families
950;PRC;Relief;Ready-to-Eat;Bread;517;51736;La Salvacion;Finished;35;individuals
951;PRC;Relief;Water;Bottled Water;517;51736;La Salvacion;Finished;35;individuals
952;PRC;Relief;Ready-to-Eat;Biscuits;1339;133901;;Finished;89;individuals
953;PRC;Relief;Water;Bottled Water;1339;133901;;Finished;89;individuals
954;PRC;Relief;Ready-to-Eat;Hot Meals;1339;133901;Barangay 20 Isla Puting Bato;Finished;650;individuals
955;PRC;Relief;Ready-to-Eat;Hot Meals;1339;133901;Barangay 101 Vitas Tondo;Finished;100;individuals
956;PRC;Relief;Non-Food Items;Sleeping Kit (Plastic Mats);1411;141113;Camp 4-6;Finished;168;families
957;PRC;Relief;Non-Food Items;Sleeping Kit (Blankets);1411;141113;Camp 4-6;Finished;168;families
958;PRC;WASH;Non-Food Items;Jerry Cans;1411;141113;Camp 4-6;Finished;168;families
959;PRC;Assessment;Assessment;RDANA;1411;141113;;Finished;1;area
960;Unknown;Health;PSS;PSP;1411;141113;Tadiangan;Finished;87;individuals
961;Spanish Red Cross - AECID;WASH;Hygiene Promotion;Hygiene Promotion;1411;141113;Nangalisan;Finished;568;individuals
962;IFRC;Health;PSS;PSP;1411;141113;Padcal;Finished;26;individuals
963;IFRC;Health;PSS;PSP;1411;141113;Tadiangan;Finished;75;individuals
964;Unknown;Health;PSS;PSP;1411;141113;Tadiangan;Finished;87;individuals
965;IFRC;Relief;Cash;Multi-Purpose Cash Grant (PHP3,500);1411;141113;Ansagan;Finished;6;families
966;IFRC;Relief;Cash;Multi-Purpose Cash Grant (PHP3,500);1411;141113;Camp 1;Finished;7;families
967;IFRC;Relief;Cash;Multi-Purpose Cash Grant (PHP3,500);1411;141113;Camp 3;Finished;35;families
968;IFRC;Relief;Cash;Multi-Purpose Cash Grant (PHP3,500);1411;141113;Camp 4;Finished;37;families
969;IFRC;Relief;Cash;Multi-Purpose Cash Grant (PHP3,500);1411;141113;Camp 6;Finished;5;families
970;IFRC;Relief;Cash;Multi-Purpose Cash Grant (PHP3,500);1411;141113;Nangalisan;Finished;21;families
971;IFRC;Relief;Cash;Multi-Purpose Cash Grant (PHP3,500);1411;141113;Poblacion;Finished;62;families
972;IFRC;Relief;Cash;Multi-Purpose Cash Grant (PHP3,500);1411;141113;Tabaan Sur;Finished;2;families
973;IFRC;Relief;Cash;Multi-Purpose Cash Grant (PHP3,500);1411;141113;Tadiangan;Finished;11;families
974;IFRC;Relief;Cash;Multi-Purpose Cash Grant (PHP3,500);1411;141113;Taloy Norte;Finished;27;families
975;IFRC;Relief;Cash;Multi-Purpose Cash Grant (PHP3,500);1411;141113;Taloy sur;Finished;7;families
976;IFRC;Relief;Cash;Multi-Purpose Cash Grant (PHP3,500);1411;141113;Twin peaks;Finished;3;families
977;PRC;Relief;Ready-to-Eat;Hot Meals;133;13320;;Finished;75;individuals
978;PRC;Health;PSS;Welfare Desk;133;13320;;Finished;;
979;PRC;Assessment;Assessment;RDANA;133;13320;;Finished;1;area
980;PRC;Relief;Non-Food Items;Sleeping Kit (Plastic Mats);1411;141114;Ambassador;Finished;55;families
981;PRC;Relief;Non-Food Items;Sleeping Kit (Blankets);1411;141114;Ambassador;Finished;55;families
982;PRC;WASH;Sanitation;Clearing operations;1411;141114;Daclan;Finished;1;community
983;Rayomar Outreach Foundation;Relief;Food Items;Food Items (Assorted);1411;141114;Daclan;Finished;300;families
984;Spanish Red Cross - AECID;WASH;Hygiene Promotion;Hygiene Promotion;1411;141114;Daclan;Finished;275;individuals
985;Spanish Red Cross - AECID;WASH;Hygiene Promotion;Hygiene Promotion;1411;141114;Ambongdulan;Finished;118;individuals
986;PRC;Relief;Ready-to-Eat;Hot Meals;215;21529;Balzain East;Finished;132;individuals
987;PRC;Health;PSS;PSP;215;21529;Balzain East;Finished;393;individuals
988;PRC;Health;Referral;Health Referral;215;21529;Balzain East;Finished;5;individuals
989;PRC;Relief;Ready-to-Eat;Biscuits;215;21529;Balzain East;Finished;132;individuals
990;PRC;Health;Referral;Welfare Referral;215;21529;Balzain East;Finished;15;individuals
991;PRC;Relief;Ready-to-Eat;Hot Meals;215;21529;Linao East;Finished;280;individuals
992;PRC;Health;PSS;PSP;215;21529;Linao East;Finished;560;individuals
993;PRC;WASH;Sanitation;Clearing operations;215;21529;San Gabriel;Finished;1;community
994;PRC;WASH;Sanitation;Clearing operations;215;21529;Cataggaman;Finished;1;community
995;PRC;WASH;Sanitation;Clearing operations;215;21529;Carig;Finished;1;community
996;PRC;WASH;Sanitation;Clearing operations;215;21529;Centro 04 Del Rosario;Finished;1;community
997;PRC;WASH;Sanitation;Clearing operations;215;21529;Caritan;Finished;1;community
998;PRC;WASH;Sanitation;Clearing operations;215;21529;Tagga;Finished;1;community
999;PRC;WASH;Sanitation;Clearing operations;215;21529;Cataggaman nuevo;Finished;1;community
1000;PRC;WASH;Sanitation;Clearing operations;215;21529;Anaffunan;Finished;1;community
1001;PRC;WASH;Sanitation;Clearing operations;215;21529;;Finished;1;community
1002;PRC;WASH;Sanitation;Clearing operations;215;21529;;Finished;1;community
1003;PRC;WASH;Sanitation;Clearing operations;215;21529;Caggay;Finished;1;community
1004;PRC;WASH;Sanitation;Clearing operations;215;21529;;Finished;1;community
1005;PRC;WASH;Sanitation;Clearing operations;215;21529;;Finished;1;community
1006;PRC;Relief;Ready-to-Eat;Biscuits;215;21529;Linao East;Finished;280;individuals
1007;PRC;Assessment;Assessment;RDANA;231;23137;;Finished;1;area
1008;PRC;Assessment;Assessment;RDANA;1401;140127;;Finished;1;area
1009;ICRC;Shelter;Shelter Tool Kits;Tarpaulins;1401;140127;;Finished;4;families
1010;ICRC;Shelter;Shelter Tool Kits;Shelter Tool Kits;1401;140127;;Finished;4;families
1011;PRC;Assessment;Assessment;RDANA;128;12823;;Finished;1;area
1012;PRC;Relief;Ready-to-Eat;Hot Meals;516;51612;Poblacion;Finished;528;individuals
1013;PRC;Health;PSS;PSP;516;51612;Poblacion;Finished;528;individuals
1014;PRC;Health;PSS;Welfare Desk;1401;;;Finished;;
1015;Spanish Red Cross - AECID;WASH;Hygiene Promotion;Hygiene Promotion;1411;;;Finished;13;volunteers
1019;PRC;Health;PSS;Welfare Desk;1427;;;Finished;;
1020;PRC;Health;PSS;Welfare Desk;128;;;Finished;;
1021;PRC;Health;PSS;Welfare Desk;129;;;Finished;;
1023;PRC;Health;PSS;Welfare Desk;231;;;Finished;;
1024;PRC;Health;PSS;Welfare Desk;1432;;;Finished;;
1025;PRC;Health;PSS;Welfare Desk;1432;;;Finished;;
1026;PRC;WASH;Hygiene Promotion;Hygiene Promotion;1432;;;Finished;279;individuals
1027;PRC;Health;Health;Blood Units;133;;;Finished;1;units
1028;PRC;Health;PSS;Welfare Desk;250;;;Finished;;
1029;PRC;Health;Health;Doxycycline;155;;;Delivered;2000;pcs
1030;PRC;Health;PSS;Welfare Desk;369;;;Finished;;
1031;PRC;Health;PSS;Welfare Desk;371;;;Finished;;
